id_turma;discente;id_curso;unidade;nota;reposicao;faltas_unidade;media_final;numero_total_faltas;descricao;SEMESTRE
57657923;3651783e75e7092ac9d2a9003d45bad7;92127264;;;;;;;CANCELADO;2020-1
57657923;27da27414c7f09b7797bc6c32e58bcf4;92127264;;;;;;;DESISTENCIA;2020-1
57657923;31d81225e5a0295318aa8264464e09b1;92127264;;;;;;;EXCLUIDA;2020-1
57657923;e4caff7e063e019d019a550a2cc7ecce;92127264;;;;;;;INDEFERIDO;2020-1
57657923;9a96e1c354cd9915d9c1e45081c148f0;92127264;;;;;;;INDEFERIDO;2020-1
57657923;a5980b55c61e46cdec90f1293c3b4279;92127264;;;;;;;CANCELADO;2020-1
57657923;89b732f64266272d183c9b7c13ffce82;92127264;;;;;;;DESISTENCIA;2020-1
57657923;09823bc5d1ee3cb9cee2dadf2f32195d;92127264;;;;;;;CANCELADO;2020-1
57657923;5826ca54c04ae08d4e90209a79d785ff;92127264;;;;;;;INDEFERIDO;2020-1
57662708;f416d511a696550405f9e0c91de4fed0;92127264;1;3,8;false;0;2,4;8;EXCLUIDA;2020-5
57662708;f416d511a696550405f9e0c91de4fed0;92127264;2;3,3;false;0;2,4;8;EXCLUIDA;2020-5
57662708;f416d511a696550405f9e0c91de4fed0;92127264;3;0,0;false;0;2,4;8;EXCLUIDA;2020-5
57662708;48d2a6b78038d49fdb3f41057e126059;92127264;1;9,5;false;0;9,8;0;APROVADO;2020-5
57662708;48d2a6b78038d49fdb3f41057e126059;92127264;2;10,0;false;0;9,8;0;APROVADO;2020-5
57662708;48d2a6b78038d49fdb3f41057e126059;92127264;3;10,0;false;0;9,8;0;APROVADO;2020-5
57662708;3f35609bca4a07f29ec40d91eed364e9;92127264;1;8,0;false;0;8,5;2;APROVADO;2020-5
57662708;3f35609bca4a07f29ec40d91eed364e9;92127264;2;8,9;false;0;8,5;2;APROVADO;2020-5
57662708;3f35609bca4a07f29ec40d91eed364e9;92127264;3;8,5;false;0;8,5;2;APROVADO;2020-5
57662708;74fa6f77bcc4631148a6e1e41d323844;92127264;1;2,2;false;0;0,7;24;EXCLUIDA;2020-5
57662708;74fa6f77bcc4631148a6e1e41d323844;92127264;2;0,0;false;0;0,7;24;EXCLUIDA;2020-5
57662708;74fa6f77bcc4631148a6e1e41d323844;92127264;3;0,0;false;0;0,7;24;EXCLUIDA;2020-5
57662708;f8460975d1b6fd2bda9507db7abefd58;92127264;1;10,0;false;0;10,0;0;APROVADO;2020-5
57662708;f8460975d1b6fd2bda9507db7abefd58;92127264;2;10,0;false;0;10,0;0;APROVADO;2020-5
57662708;f8460975d1b6fd2bda9507db7abefd58;92127264;3;10,0;false;0;10,0;0;APROVADO;2020-5
57662708;517fc3dc768c8a0d1d9e7557f425abc9;92127264;;;;;;;INDEFERIDO;2020-5
57662708;342b06d8e30e008855627bec5c5d87c3;92127264;;;;;;;INDEFERIDO;2020-5
57662708;80ad8ce157caf4b2a043d3b0a7035d48;92127264;;;;;;;INDEFERIDO;2020-5
57662708;2b2af0e54b4e3d0e722ed495b9922c70;92127264;;;;;;;INDEFERIDO;2020-5
57662708;85a7465d77f7fda11b2cf4afd297df9c;92127264;;;;;;;INDEFERIDO;2020-5
57662708;6deccbed56a3b668d10e8efc741714ec;92127264;;;;;;;INDEFERIDO;2020-5
57662708;2b8678fb6be874ec9e65492df65b4d45;92127264;;;;;;;INDEFERIDO;2020-5
57662708;7d6db9f655e9be38f58a9d4585a41398;92127264;;;;;;;INDEFERIDO;2020-5
57662708;54cb998c39b048625dd31cb149299656;92127264;1;10,0;false;0;10,0;2;APROVADO;2020-5
57662708;54cb998c39b048625dd31cb149299656;92127264;2;10,0;false;0;10,0;2;APROVADO;2020-5
57662708;54cb998c39b048625dd31cb149299656;92127264;3;10,0;false;0;10,0;2;APROVADO;2020-5
57662708;d6de244250c778c72571a18ba1539f82;92127264;1;10,0;false;0;6,4;0;APROVADO POR NOTA;2020-5
57662708;d6de244250c778c72571a18ba1539f82;92127264;2;3,3;false;0;6,4;0;APROVADO POR NOTA;2020-5
57662708;d6de244250c778c72571a18ba1539f82;92127264;3;6,0;false;0;6,4;0;APROVADO POR NOTA;2020-5
57662708;0498dde42b89378def44dfab3e2efbaf;92127264;;;;;;;INDEFERIDO;2020-5
57662708;8a66b9471ece7b767a2adb53eba7f536;92127264;1;10,0;false;0;10,0;0;APROVADO;2020-5
57662708;8a66b9471ece7b767a2adb53eba7f536;92127264;2;10,0;false;0;10,0;0;APROVADO;2020-5
57662708;8a66b9471ece7b767a2adb53eba7f536;92127264;3;10,0;false;0;10,0;0;APROVADO;2020-5
57662708;801f86e7ba02d60820750523ca7f0431;92127264;;;;;;;INDEFERIDO;2020-5
57662708;6b319b343ea1b4ba481d219eecff9502;92127264;;;;;;;INDEFERIDO;2020-5
57662708;e754228f5d71921442cac7dd1a48bb33;92127264;1;9,5;false;0;9,7;0;APROVADO;2020-5
57662708;e754228f5d71921442cac7dd1a48bb33;92127264;2;9,5;false;0;9,7;0;APROVADO;2020-5
57662708;e754228f5d71921442cac7dd1a48bb33;92127264;3;10,0;false;0;9,7;0;APROVADO;2020-5
57662708;4aa6a2b0eac126c08246c152811ba51b;92127264;;;;;;;INDEFERIDO;2020-5
57662708;ff910d138566b3964caed0aae2063086;92127264;;;;;;;INDEFERIDO;2020-5
57662708;6c5380ba799263418724f9af3f241040;92127264;;;;;;;INDEFERIDO;2020-5
57662708;0f06dd99f1680b0efd2fe9268112e11b;92127264;;;;;;;INDEFERIDO;2020-5
57662708;450f520f170288075299a77d4dad109c;92127264;;;;;;;INDEFERIDO;2020-5
57662708;679b49cde4175ee3e4c24ffe3d94abc1;92127264;;;;;;;INDEFERIDO;2020-5
57662708;ef2d5c8c1f950a1cb376bbfb01954236;92127264;;;;;;;INDEFERIDO;2020-5
57662708;8069ad27659c40b26f4ce1faab6c5ccb;92127264;1;0,0;true;0;7,5;4;APROVADO;2020-5
57662708;8069ad27659c40b26f4ce1faab6c5ccb;92127264;2;4,2;false;0;7,5;4;APROVADO;2020-5
57662708;8069ad27659c40b26f4ce1faab6c5ccb;92127264;3;8,3;false;0;7,5;4;APROVADO;2020-5
57662708;05cc233113f5bf7e155940f08af2fa08;92127264;;;;;;;INDEFERIDO;2020-5
57662708;94d8b9379ec094cd5883cd719ae1345b;92127264;;;;;;;INDEFERIDO;2020-5
57662708;35a41fdcd22b22af9e0ac8a565a8246a;92127264;;;;;;;INDEFERIDO;2020-5
57662708;3cdf22a55ed3c3275b9b3d854f8fb02a;92127264;1;9,2;false;0;9,5;0;APROVADO;2020-5
57662708;3cdf22a55ed3c3275b9b3d854f8fb02a;92127264;2;9,8;false;0;9,5;0;APROVADO;2020-5
57662708;3cdf22a55ed3c3275b9b3d854f8fb02a;92127264;3;9,5;false;0;9,5;0;APROVADO;2020-5
57662708;66dffbe21060e1c3bb47a05ebb29b572;92127264;;;;;;;INDEFERIDO;2020-5
57662708;fbf056736ff890f05d1be82cf3d29b30;92127264;;;;;;;INDEFERIDO;2020-5
57662708;ef5889e63eb4e8730c71f51a192da05e;92127264;;;;;;;INDEFERIDO;2020-5
57662708;375f1ba9bc3ca6a749bf4867e45ed901;92127264;1;7,0;false;0;2,3;24;EXCLUIDA;2020-5
57662708;375f1ba9bc3ca6a749bf4867e45ed901;92127264;2;0,0;false;0;2,3;24;EXCLUIDA;2020-5
57662708;375f1ba9bc3ca6a749bf4867e45ed901;92127264;3;0,0;false;0;2,3;24;EXCLUIDA;2020-5
57662708;84287e618edf9c1ff9a179cfe0f53210;92127264;;;;;;;INDEFERIDO;2020-5
57662708;312e3edf39a72d333352df2a41f54f78;92127264;;;;;;;INDEFERIDO;2020-5
57662708;d02e4374799f67ae8d2ca35de41a95c0;92127264;;;;;;;INDEFERIDO;2020-5
57662708;48244590c3dfe8d745ff4695ce080bcd;92127264;;;;;;;INDEFERIDO;2020-5
57662708;09c8667a1e8da948735b41958900085c;92127264;1;5,0;false;0;1,7;22;EXCLUIDA;2020-5
57662708;09c8667a1e8da948735b41958900085c;92127264;2;0,0;false;0;1,7;22;EXCLUIDA;2020-5
57662708;09c8667a1e8da948735b41958900085c;92127264;3;0,0;false;0;1,7;22;EXCLUIDA;2020-5
57662708;3cf9f64a93cb63e826715e047cf5b672;92127264;1;0,0;true;0;7,2;8;APROVADO;2020-5
57662708;3cf9f64a93cb63e826715e047cf5b672;92127264;2;6,3;false;0;7,2;8;APROVADO;2020-5
57662708;3cf9f64a93cb63e826715e047cf5b672;92127264;3;9,3;false;0;7,2;8;APROVADO;2020-5
57662708;3d7414e7e523fd61490f36a578527e71;92127264;1;0,0;false;0;0,0;28;EXCLUIDA;2020-5
57662708;3d7414e7e523fd61490f36a578527e71;92127264;2;0,0;false;0;0,0;28;EXCLUIDA;2020-5
57662708;3d7414e7e523fd61490f36a578527e71;92127264;3;0,0;false;0;0,0;28;EXCLUIDA;2020-5
57662708;7c1591f2fbc1dda9f4aefa4b3d7f1439;92127264;2;9,5;false;0;9,3;0;APROVADO;2020-5
57662708;7c1591f2fbc1dda9f4aefa4b3d7f1439;92127264;3;10,0;false;0;9,3;0;APROVADO;2020-5
57662708;7c1591f2fbc1dda9f4aefa4b3d7f1439;92127264;1;8,5;false;0;9,3;0;APROVADO;2020-5
57662708;f9a1d23cad4b95e18c38365b32c5393c;92127264;1;6,2;false;0;8,7;2;APROVADO;2020-5
57662708;f9a1d23cad4b95e18c38365b32c5393c;92127264;2;10,0;false;0;8,7;2;APROVADO;2020-5
57662708;f9a1d23cad4b95e18c38365b32c5393c;92127264;3;10,0;false;0;8,7;2;APROVADO;2020-5
57662708;a1ab30c72652ec67c2199d32a84684cd;92127264;1;10,0;false;0;7,7;4;APROVADO;2020-5
57662708;a1ab30c72652ec67c2199d32a84684cd;92127264;2;7,2;false;0;7,7;4;APROVADO;2020-5
57662708;a1ab30c72652ec67c2199d32a84684cd;92127264;3;6,0;false;0;7,7;4;APROVADO;2020-5
57662708;a877668620d7f95c9e84b8e729d6aea4;92127264;1;8,5;false;0;9,0;0;APROVADO;2020-5
57662708;a877668620d7f95c9e84b8e729d6aea4;92127264;2;9,5;false;0;9,0;0;APROVADO;2020-5
57662708;a877668620d7f95c9e84b8e729d6aea4;92127264;3;9,0;false;0;9,0;0;APROVADO;2020-5
57662708;eeeae0a392c5f7ad48803fc19c31b5e0;92127264;1;5,1;false;0;7,3;10;APROVADO;2020-5
57662708;eeeae0a392c5f7ad48803fc19c31b5e0;92127264;2;6,8;false;0;7,3;10;APROVADO;2020-5
57662708;eeeae0a392c5f7ad48803fc19c31b5e0;92127264;3;10,0;false;0;7,3;10;APROVADO;2020-5
57662708;e94ba94870420a4e991f57a5b59e286c;92127264;1;10,0;false;0;9,8;0;APROVADO;2020-5
57662708;e94ba94870420a4e991f57a5b59e286c;92127264;2;10,0;false;0;9,8;0;APROVADO;2020-5
57662708;e94ba94870420a4e991f57a5b59e286c;92127264;3;9,5;false;0;9,8;0;APROVADO;2020-5
57662708;1de77e3b7e048f1e966e26be19f9376b;92127264;1;7,5;false;0;7,2;6;APROVADO;2020-5
57662708;1de77e3b7e048f1e966e26be19f9376b;92127264;2;9,1;false;0;7,2;6;APROVADO;2020-5
57662708;1de77e3b7e048f1e966e26be19f9376b;92127264;3;5,0;false;0;7,2;6;APROVADO;2020-5
57662708;303eec2d1150f5fbe8a62ed4a9e84d1e;92127264;1;9,8;false;0;9,9;0;APROVADO;2020-5
57662708;303eec2d1150f5fbe8a62ed4a9e84d1e;92127264;2;10,0;false;0;9,9;0;APROVADO;2020-5
57662708;303eec2d1150f5fbe8a62ed4a9e84d1e;92127264;3;10,0;false;0;9,9;0;APROVADO;2020-5
57662708;e5af110b6e9d13b2ae352cbc11553b6d;92127264;1;10,0;false;0;9,8;0;APROVADO;2020-5
57662708;e5af110b6e9d13b2ae352cbc11553b6d;92127264;2;9,5;false;0;9,8;0;APROVADO;2020-5
57662708;e5af110b6e9d13b2ae352cbc11553b6d;92127264;3;10,0;false;0;9,8;0;APROVADO;2020-5
57662708;ee4ce9b53359c9683e1e36beda032b76;92127264;2;0,0;false;0;0,0;28;EXCLUIDA;2020-5
57662708;ee4ce9b53359c9683e1e36beda032b76;92127264;3;0,0;false;0;0,0;28;EXCLUIDA;2020-5
57662708;ee4ce9b53359c9683e1e36beda032b76;92127264;1;0,0;false;0;0,0;28;EXCLUIDA;2020-5
57662708;f4b31364d87ffc8c9f4673a285439996;92127264;1;10,0;false;0;9,5;0;APROVADO;2020-5
57662708;f4b31364d87ffc8c9f4673a285439996;92127264;2;8,5;false;0;9,5;0;APROVADO;2020-5
57662708;f4b31364d87ffc8c9f4673a285439996;92127264;3;10,0;false;0;9,5;0;APROVADO;2020-5
57662708;ef9681e406c0e39099cf3e1741471dd9;92127264;1;9,9;false;0;9,5;0;APROVADO;2020-5
57662708;ef9681e406c0e39099cf3e1741471dd9;92127264;2;8,6;false;0;9,5;0;APROVADO;2020-5
57662708;ef9681e406c0e39099cf3e1741471dd9;92127264;3;10,0;false;0;9,5;0;APROVADO;2020-5
57662708;9a02aefefd67f03eee626bfe16dfeb4c;92127264;1;2,5;false;0;0,8;24;EXCLUIDA;2020-5
57662708;9a02aefefd67f03eee626bfe16dfeb4c;92127264;2;0,0;false;0;0,8;24;EXCLUIDA;2020-5
57662708;9a02aefefd67f03eee626bfe16dfeb4c;92127264;3;0,0;false;0;0,8;24;EXCLUIDA;2020-5
57662708;4ede2edb783df86bbdbe0d4fefc7ca0e;92127264;1;2,5;false;0;0,8;22;EXCLUIDA;2020-5
57662708;4ede2edb783df86bbdbe0d4fefc7ca0e;92127264;2;0,0;false;0;0,8;22;EXCLUIDA;2020-5
57662708;4ede2edb783df86bbdbe0d4fefc7ca0e;92127264;3;0,0;false;0;0,8;22;EXCLUIDA;2020-5
57662708;94d8b9379ec094cd5883cd719ae1345b;92127264;1;6,0;false;0;4,3;28;EXCLUIDA;2020-5
57662708;94d8b9379ec094cd5883cd719ae1345b;92127264;2;7,0;false;0;4,3;28;EXCLUIDA;2020-5
57662708;94d8b9379ec094cd5883cd719ae1345b;92127264;3;0,0;false;0;4,3;28;EXCLUIDA;2020-5
57662708;89b732f64266272d183c9b7c13ffce82;92127264;;;;;;;INDEFERIDO;2020-5
57662708;0e153f088e4ba8895b750b65adb1645e;92127264;;;;;;;INDEFERIDO;2020-5
57662708;e7f83c465564144cfa8f6a4e04d87910;92127264;;;;;;;INDEFERIDO;2020-5
57662708;bce5acc2e6455c97ce8df784d33c6603;92127264;;;;;;;INDEFERIDO;2020-5
57662708;b5b1e0bf9abef9337de45ca2b89464bc;92127264;;;;;;;INDEFERIDO;2020-5
57662708;3c58e0916425708939ca246deae33a9f;92127264;;;;;;;INDEFERIDO;2020-5
57662708;106ed6a4ff1e89223c9cc6152aa38665;92127264;;;;;;;INDEFERIDO;2020-5
57662708;490a7151bd06285fe0fb8057f467523f;92127264;1;5,0;false;0;1,7;26;EXCLUIDA;2020-5
57662708;490a7151bd06285fe0fb8057f467523f;92127264;2;0,0;false;0;1,7;26;EXCLUIDA;2020-5
57662708;490a7151bd06285fe0fb8057f467523f;92127264;3;0,0;false;0;1,7;26;EXCLUIDA;2020-5
57662708;75f1d320b6593897be00be6dcd3f1b99;92127264;;;;;;;INDEFERIDO;2020-5
57662708;abba494a3f964a7fe18164c54b70c90c;92127264;;;;;;;INDEFERIDO;2020-5
57662708;9d9e9cb8cddb6c754d9604e8e3dfc180;92127264;;;;;;;INDEFERIDO;2020-5
57662708;5a57986fc106c0f1a219c9b5c0930557;92127264;;;;;;;INDEFERIDO;2020-5
57662708;6aebd9e08c2c2c9edd46e3352da2c996;92127264;1;9,9;false;0;8,3;0;APROVADO;2020-5
57662708;6aebd9e08c2c2c9edd46e3352da2c996;92127264;2;6,5;false;0;8,3;0;APROVADO;2020-5
57662708;6aebd9e08c2c2c9edd46e3352da2c996;92127264;3;8,5;false;0;8,3;0;APROVADO;2020-5
57662708;349dc7ba2ad114e5b194e242c695cc05;92127264;;;;;;;INDEFERIDO;2020-5
57662708;4af694ec6b3d69082f134cc16e681474;92127264;;;;;;;INDEFERIDO;2020-5
57662708;995ef8877c538b70b5443f9490d77c10;92127264;;;;;;;INDEFERIDO;2020-5
57662708;6315da6c9bd7c6e403d3f40057039866;92127264;;;;;;;INDEFERIDO;2020-5
57662708;1de77e3b7e048f1e966e26be19f9376b;92127264;;;;;;;INDEFERIDO;2020-5
57662708;b0367cc573977057e54a192c19db9e01;92127264;;;;;;;INDEFERIDO;2020-5
57662708;25b272f619e35cc308fbd644bd6d2d78;92127264;;;;;;;INDEFERIDO;2020-5
57662708;725601eed549977ebc3289764658363c;92127264;;;;;;;INDEFERIDO;2020-5
57662708;5466ada7f15e5ae29779aada47154cde;92127264;;;;;;;INDEFERIDO;2020-5
57662708;26ea315f34d7ab18e0b0df9bbc6b55c8;92127264;;;;;;;INDEFERIDO;2020-5
57662708;d94c0a211b8f325b3670decb5deacbe5;92127264;;;;;;;INDEFERIDO;2020-5
57662708;122204062f07eb24c4c8ca1ea1a6b96a;92127264;;;;;;;INDEFERIDO;2020-5
57662708;6056c4082d4a7f65d64943dad44eaac4;92127264;;;;;;;INDEFERIDO;2020-5
57662708;dd546104b80fa355380038e57b658d31;92127264;;;;;;;INDEFERIDO;2020-5
57662708;482054df893185c4b13ae549b0e0d7ab;92127264;;;;;;;INDEFERIDO;2020-5
57662708;8e94cb99999fb015140bb1a97fb1af5c;92127264;;;;;;;INDEFERIDO;2020-5
57662708;d638dffa503c3470874f0e5d8a8c502b;92127264;;;;;;;INDEFERIDO;2020-5
57662708;55f016f547f55221cc89c55dad3de339;92127264;1;5,0;false;0;7,4;4;APROVADO;2020-5
57662708;55f016f547f55221cc89c55dad3de339;92127264;2;8,3;false;0;7,4;4;APROVADO;2020-5
57662708;55f016f547f55221cc89c55dad3de339;92127264;3;9,0;false;0;7,4;4;APROVADO;2020-5
57662708;e3a4488746fff3d86826b1f1dc5cd23d;92127264;3;0,0;false;0;0,0;28;EXCLUIDA;2020-5
57662708;e3a4488746fff3d86826b1f1dc5cd23d;92127264;1;0,0;false;0;0,0;28;EXCLUIDA;2020-5
57662708;e3a4488746fff3d86826b1f1dc5cd23d;92127264;2;0,0;false;0;0,0;28;EXCLUIDA;2020-5
57662708;61fc54ebae15de52efc1bf5cf4ada254;92127264;1;10,0;false;0;9,4;0;APROVADO;2020-5
57662708;61fc54ebae15de52efc1bf5cf4ada254;92127264;2;8,6;false;0;9,4;0;APROVADO;2020-5
57662708;61fc54ebae15de52efc1bf5cf4ada254;92127264;3;9,5;false;0;9,4;0;APROVADO;2020-5
57662708;c457e1fb7303a5310ac8640d99735d6a;92127264;1;4,0;false;0;1,3;26;EXCLUIDA;2020-5
57662708;c457e1fb7303a5310ac8640d99735d6a;92127264;2;0,0;false;0;1,3;26;EXCLUIDA;2020-5
57662708;c457e1fb7303a5310ac8640d99735d6a;92127264;3;0,0;false;0;1,3;26;EXCLUIDA;2020-5
57662708;875de0b1bdae80eab19abe4d3fc469ae;92127264;3;10,0;false;0;9,9;0;APROVADO;2020-5
57662708;875de0b1bdae80eab19abe4d3fc469ae;92127264;2;9,8;false;0;9,9;0;APROVADO;2020-5
57662708;875de0b1bdae80eab19abe4d3fc469ae;92127264;1;10,0;false;0;9,9;0;APROVADO;2020-5
57662708;080560a903a768a0027854835ba51243;92127264;1;10,0;false;0;10,0;0;APROVADO;2020-5
57662708;080560a903a768a0027854835ba51243;92127264;2;10,0;false;0;10,0;0;APROVADO;2020-5
57662708;080560a903a768a0027854835ba51243;92127264;3;10,0;false;0;10,0;0;APROVADO;2020-5
57662708;905c2f664cb927c55ddc2dd1d32b96ff;92127264;1;8,5;false;0;9,5;0;APROVADO;2020-5
57662708;905c2f664cb927c55ddc2dd1d32b96ff;92127264;2;10,0;false;0;9,5;0;APROVADO;2020-5
57662708;905c2f664cb927c55ddc2dd1d32b96ff;92127264;3;10,0;false;0;9,5;0;APROVADO;2020-5
57662708;dfcf8074d1772f2fad699bd8750effd8;92127264;2;9,5;false;0;9,8;0;APROVADO;2020-5
57662708;dfcf8074d1772f2fad699bd8750effd8;92127264;3;10,0;false;0;9,8;0;APROVADO;2020-5
57662708;dfcf8074d1772f2fad699bd8750effd8;92127264;1;9,8;false;0;9,8;0;APROVADO;2020-5
57662708;2d0bc4afa25ba4c266c0b488007705cf;92127264;1;9,7;false;0;9,7;0;APROVADO;2020-5
57662708;2d0bc4afa25ba4c266c0b488007705cf;92127264;2;9,5;false;0;9,7;0;APROVADO;2020-5
57662708;2d0bc4afa25ba4c266c0b488007705cf;92127264;3;10,0;false;0;9,7;0;APROVADO;2020-5
57662708;e0c079fef6c463e81d8ae949eb30083b;92127264;1;8,0;false;0;8,0;4;APROVADO;2020-5
57662708;e0c079fef6c463e81d8ae949eb30083b;92127264;2;9,3;false;0;8,0;4;APROVADO;2020-5
57662708;e0c079fef6c463e81d8ae949eb30083b;92127264;3;6,6;false;0;8,0;4;APROVADO;2020-5
57662708;05f9e02b34d3d1276d8377ce7a0c1acc;92127264;1;10,0;false;0;9,8;0;CANCELADO;2020-5
57662708;05f9e02b34d3d1276d8377ce7a0c1acc;92127264;2;9,5;false;0;9,8;0;CANCELADO;2020-5
57662708;05f9e02b34d3d1276d8377ce7a0c1acc;92127264;3;10,0;false;0;9,8;0;CANCELADO;2020-5
57662708;64f063d1306dc63efb78305f6aa8fe29;92127264;1;5,0;false;0;1,7;24;EXCLUIDA;2020-5
57662708;64f063d1306dc63efb78305f6aa8fe29;92127264;2;0,0;false;0;1,7;24;EXCLUIDA;2020-5
57662708;64f063d1306dc63efb78305f6aa8fe29;92127264;3;0,0;false;0;1,7;24;EXCLUIDA;2020-5
57662708;164c99529de4650649be0ef117b137e6;92127264;2;9,0;false;0;8,2;4;APROVADO;2020-5
57662708;164c99529de4650649be0ef117b137e6;92127264;3;6,0;false;0;8,2;4;APROVADO;2020-5
57662708;164c99529de4650649be0ef117b137e6;92127264;1;9,5;false;0;8,2;4;APROVADO;2020-5
57662708;707ba2db8d759c50ae2a285521b05307;92127264;1;10,0;false;0;9,5;4;APROVADO;2020-5
57662708;707ba2db8d759c50ae2a285521b05307;92127264;2;9,0;false;0;9,5;4;APROVADO;2020-5
57662708;707ba2db8d759c50ae2a285521b05307;92127264;3;9,5;false;0;9,5;4;APROVADO;2020-5
57662708;0daf42af2d3ad5bb1c13b526a69e8ab6;92127264;1;2,5;false;0;0,8;26;EXCLUIDA;2020-5
57662708;0daf42af2d3ad5bb1c13b526a69e8ab6;92127264;2;0,0;false;0;0,8;26;EXCLUIDA;2020-5
57662708;0daf42af2d3ad5bb1c13b526a69e8ab6;92127264;3;0,0;false;0;0,8;26;EXCLUIDA;2020-5
57662708;5466ada7f15e5ae29779aada47154cde;92127264;1;0,0;false;0;0,0;34;EXCLUIDA;2020-5
57662708;5466ada7f15e5ae29779aada47154cde;92127264;2;0,0;false;0;0,0;34;EXCLUIDA;2020-5
57662708;5466ada7f15e5ae29779aada47154cde;92127264;3;0,0;false;0;0,0;34;EXCLUIDA;2020-5
57662708;2075fb9172eaed4f47c9854653c3e9dc;92127264;1;4,9;false;0;1,6;26;EXCLUIDA;2020-5
57662708;2075fb9172eaed4f47c9854653c3e9dc;92127264;2;0,0;false;0;1,6;26;EXCLUIDA;2020-5
57662708;2075fb9172eaed4f47c9854653c3e9dc;92127264;3;0,0;false;0;1,6;26;EXCLUIDA;2020-5
57662708;118de23cef0285b33d7ba6814c184c6b;92127264;1;9,2;false;0;9,7;0;APROVADO;2020-5
57662708;118de23cef0285b33d7ba6814c184c6b;92127264;2;10,0;false;0;9,7;0;APROVADO;2020-5
57662708;118de23cef0285b33d7ba6814c184c6b;92127264;3;10,0;false;0;9,7;0;APROVADO;2020-5
57662708;c9d7f23ab52b57c85bd5c145c6a81f47;92127264;1;10,0;false;0;9,8;4;APROVADO;2020-5
57662708;c9d7f23ab52b57c85bd5c145c6a81f47;92127264;2;9,3;false;0;9,8;4;APROVADO;2020-5
57662708;c9d7f23ab52b57c85bd5c145c6a81f47;92127264;3;10,0;false;0;9,8;4;APROVADO;2020-5
57662708;fdcb58554cab1dda021f5f456aa8ab6f;92127264;1;5,0;false;0;8,0;4;APROVADO;2020-5
57662708;fdcb58554cab1dda021f5f456aa8ab6f;92127264;2;9,4;false;0;8,0;4;APROVADO;2020-5
57662708;fdcb58554cab1dda021f5f456aa8ab6f;92127264;3;9,5;false;0;8,0;4;APROVADO;2020-5
57662708;52cb0901c1ba8d1785ead505c2561fab;92127264;;;;;;;INDEFERIDO;2020-5
57662708;7cfdd26b5b0015babd1743b87d9e1f80;92127264;1;10,0;false;0;8,6;4;APROVADO;2020-5
57662708;7cfdd26b5b0015babd1743b87d9e1f80;92127264;2;7,9;false;0;8,6;4;APROVADO;2020-5
57662708;7cfdd26b5b0015babd1743b87d9e1f80;92127264;3;8,0;false;0;8,6;4;APROVADO;2020-5
57662708;e35b819ba818fdcf4798abf7b7e40994;92127264;;;;;;;INDEFERIDO;2020-5
57662708;0a38d902e1713d08ddbdcc176741944c;92127264;;;;;;;INDEFERIDO;2020-5
57662708;587b448a5c9504451bb346f16f5726a5;92127264;1;8,3;false;0;7,7;0;APROVADO;2020-5
57662708;587b448a5c9504451bb346f16f5726a5;92127264;2;6,5;false;0;7,7;0;APROVADO;2020-5
57662708;587b448a5c9504451bb346f16f5726a5;92127264;3;8,3;false;0;7,7;0;APROVADO;2020-5
57662708;0718fc8d18699e8eb0800ba792353f5e;92127264;1;8,5;false;0;8,9;0;APROVADO;2020-5
57662708;0718fc8d18699e8eb0800ba792353f5e;92127264;2;8,2;false;0;8,9;0;APROVADO;2020-5
57662708;0718fc8d18699e8eb0800ba792353f5e;92127264;3;10,0;false;0;8,9;0;APROVADO;2020-5
57662708;bdd9dabf1afa9c448b4d5b31f1dcac54;92127264;1;9,8;false;0;7,8;12;APROVADO;2020-5
57662708;bdd9dabf1afa9c448b4d5b31f1dcac54;92127264;2;6,0;false;0;7,8;12;APROVADO;2020-5
57662708;bdd9dabf1afa9c448b4d5b31f1dcac54;92127264;3;7,5;false;0;7,8;12;APROVADO;2020-5
57662708;427458671fca455e3b2e82f8202dbc92;92127264;1;2,5;true;0;7,1;2;APROVADO;2020-5
57662708;427458671fca455e3b2e82f8202dbc92;92127264;2;10,0;false;0;7,1;2;APROVADO;2020-5
57662708;427458671fca455e3b2e82f8202dbc92;92127264;3;7,3;false;0;7,1;2;APROVADO;2020-5
57662708;e189468be6bacca531b2205f0569328a;92127264;2;8,8;false;0;9,2;2;APROVADO;2020-5
57662708;e189468be6bacca531b2205f0569328a;92127264;3;10,0;false;0;9,2;2;APROVADO;2020-5
57662708;e189468be6bacca531b2205f0569328a;92127264;1;8,8;false;0;9,2;2;APROVADO;2020-5
57662708;2b0b4a26b3cae6102b69bdf568c45ab6;92127264;1;10,0;false;0;9,8;6;APROVADO;2020-5
57662708;2b0b4a26b3cae6102b69bdf568c45ab6;92127264;2;9,5;false;0;9,8;6;APROVADO;2020-5
57662708;2b0b4a26b3cae6102b69bdf568c45ab6;92127264;3;10,0;false;0;9,8;6;APROVADO;2020-5
57662708;809c1c530dff8d1a2010e8a060e793c0;92127264;2;4,5;false;0;6,2;6;APROVADO POR NOTA;2020-5
57662708;809c1c530dff8d1a2010e8a060e793c0;92127264;3;9,0;false;0;6,2;6;APROVADO POR NOTA;2020-5
57662708;809c1c530dff8d1a2010e8a060e793c0;92127264;1;5,0;false;0;6,2;6;APROVADO POR NOTA;2020-5
57662708;62fc89be42d84cb5d56eb971a65c4464;92127264;1;9,7;false;0;9,9;4;APROVADO;2020-5
57662708;62fc89be42d84cb5d56eb971a65c4464;92127264;2;10,0;false;0;9,9;4;APROVADO;2020-5
57662708;62fc89be42d84cb5d56eb971a65c4464;92127264;3;10,0;false;0;9,9;4;APROVADO;2020-5
57662708;3fc6279ccf8ddbeb010c406fa50e8a43;92127264;3;9,5;false;0;9,3;2;APROVADO;2020-5
57662708;3fc6279ccf8ddbeb010c406fa50e8a43;92127264;1;9,8;false;0;9,3;2;APROVADO;2020-5
57662708;3fc6279ccf8ddbeb010c406fa50e8a43;92127264;2;8,5;false;0;9,3;2;APROVADO;2020-5
57662708;e26ab276884a2e32328df4768355aa7b;92127264;;;;;;;INDEFERIDO;2020-5
57662708;84c632d7e927a5cd04dc3f48f72957fa;92127264;;;;;;;INDEFERIDO;2020-5
57662708;67f4c06dd7a23b72f4912c11cf0b60f0;92127264;;;;;;;INDEFERIDO;2020-5
57662708;ff26ae4fbe4ecde43575bc89deddbb30;92127264;;;;;;;INDEFERIDO;2020-5
57662708;482054df893185c4b13ae549b0e0d7ab;92127264;1;7,8;false;0;7,9;10;APROVADO;2020-5
57662708;482054df893185c4b13ae549b0e0d7ab;92127264;2;0,0;true;0;7,9;10;APROVADO;2020-5
57662708;482054df893185c4b13ae549b0e0d7ab;92127264;3;6,0;false;0;7,9;10;APROVADO;2020-5
57662708;0d77d4ec93d476d24759d6940402a2f9;92127264;2;9,5;false;0;8,0;8;APROVADO;2020-5
57662708;0d77d4ec93d476d24759d6940402a2f9;92127264;3;4,5;false;0;8,0;8;APROVADO;2020-5
57662708;0d77d4ec93d476d24759d6940402a2f9;92127264;1;10,0;false;0;8,0;8;APROVADO;2020-5
57662708;d9415cd0546f4037018add01381298bc;92127264;1;10,0;false;0;9,8;0;APROVADO;2020-5
57662708;d9415cd0546f4037018add01381298bc;92127264;2;9,3;false;0;9,8;0;APROVADO;2020-5
57662708;d9415cd0546f4037018add01381298bc;92127264;3;10,0;false;0;9,8;0;APROVADO;2020-5
57662708;db47b0aec7d703b8b12b35aa6f4fea6a;92127264;;;;;;;INDEFERIDO;2020-5
57662708;f416d511a696550405f9e0c91de4fed0;92127264;1;3,8;false;0;2,4;8;EXCLUIDA;2020-5
57662708;f416d511a696550405f9e0c91de4fed0;92127264;2;3,3;false;0;2,4;8;EXCLUIDA;2020-5
57662708;f416d511a696550405f9e0c91de4fed0;92127264;3;0,0;false;0;2,4;8;EXCLUIDA;2020-5
57662708;48d2a6b78038d49fdb3f41057e126059;92127264;1;9,5;false;0;9,8;0;APROVADO;2020-5
57662708;48d2a6b78038d49fdb3f41057e126059;92127264;2;10,0;false;0;9,8;0;APROVADO;2020-5
57662708;48d2a6b78038d49fdb3f41057e126059;92127264;3;10,0;false;0;9,8;0;APROVADO;2020-5
57662708;3f35609bca4a07f29ec40d91eed364e9;92127264;1;8,0;false;0;8,5;2;APROVADO;2020-5
57662708;3f35609bca4a07f29ec40d91eed364e9;92127264;2;8,9;false;0;8,5;2;APROVADO;2020-5
57662708;3f35609bca4a07f29ec40d91eed364e9;92127264;3;8,5;false;0;8,5;2;APROVADO;2020-5
57662708;74fa6f77bcc4631148a6e1e41d323844;92127264;1;2,2;false;0;0,7;24;EXCLUIDA;2020-5
57662708;74fa6f77bcc4631148a6e1e41d323844;92127264;2;0,0;false;0;0,7;24;EXCLUIDA;2020-5
57662708;74fa6f77bcc4631148a6e1e41d323844;92127264;3;0,0;false;0;0,7;24;EXCLUIDA;2020-5
57662708;f8460975d1b6fd2bda9507db7abefd58;92127264;1;10,0;false;0;10,0;0;APROVADO;2020-5
57662708;f8460975d1b6fd2bda9507db7abefd58;92127264;2;10,0;false;0;10,0;0;APROVADO;2020-5
57662708;f8460975d1b6fd2bda9507db7abefd58;92127264;3;10,0;false;0;10,0;0;APROVADO;2020-5
57662708;517fc3dc768c8a0d1d9e7557f425abc9;92127264;;;;;;;INDEFERIDO;2020-5
57662708;342b06d8e30e008855627bec5c5d87c3;92127264;;;;;;;INDEFERIDO;2020-5
57662708;80ad8ce157caf4b2a043d3b0a7035d48;92127264;;;;;;;INDEFERIDO;2020-5
57662708;2b2af0e54b4e3d0e722ed495b9922c70;92127264;;;;;;;INDEFERIDO;2020-5
57662708;85a7465d77f7fda11b2cf4afd297df9c;92127264;;;;;;;INDEFERIDO;2020-5
57662708;6deccbed56a3b668d10e8efc741714ec;92127264;;;;;;;INDEFERIDO;2020-5
57662708;2b8678fb6be874ec9e65492df65b4d45;92127264;;;;;;;INDEFERIDO;2020-5
57662708;7d6db9f655e9be38f58a9d4585a41398;92127264;;;;;;;INDEFERIDO;2020-5
57662708;54cb998c39b048625dd31cb149299656;92127264;1;10,0;false;0;10,0;2;APROVADO;2020-5
57662708;54cb998c39b048625dd31cb149299656;92127264;2;10,0;false;0;10,0;2;APROVADO;2020-5
57662708;54cb998c39b048625dd31cb149299656;92127264;3;10,0;false;0;10,0;2;APROVADO;2020-5
57662708;d6de244250c778c72571a18ba1539f82;92127264;1;10,0;false;0;6,4;0;APROVADO POR NOTA;2020-5
57662708;d6de244250c778c72571a18ba1539f82;92127264;2;3,3;false;0;6,4;0;APROVADO POR NOTA;2020-5
57662708;d6de244250c778c72571a18ba1539f82;92127264;3;6,0;false;0;6,4;0;APROVADO POR NOTA;2020-5
57662708;0498dde42b89378def44dfab3e2efbaf;92127264;;;;;;;INDEFERIDO;2020-5
57662708;8a66b9471ece7b767a2adb53eba7f536;92127264;1;10,0;false;0;10,0;0;APROVADO;2020-5
57662708;8a66b9471ece7b767a2adb53eba7f536;92127264;2;10,0;false;0;10,0;0;APROVADO;2020-5
57662708;8a66b9471ece7b767a2adb53eba7f536;92127264;3;10,0;false;0;10,0;0;APROVADO;2020-5
57662708;801f86e7ba02d60820750523ca7f0431;92127264;;;;;;;INDEFERIDO;2020-5
57662708;6b319b343ea1b4ba481d219eecff9502;92127264;;;;;;;INDEFERIDO;2020-5
57662708;e754228f5d71921442cac7dd1a48bb33;92127264;1;9,5;false;0;9,7;0;APROVADO;2020-5
57662708;e754228f5d71921442cac7dd1a48bb33;92127264;2;9,5;false;0;9,7;0;APROVADO;2020-5
57662708;e754228f5d71921442cac7dd1a48bb33;92127264;3;10,0;false;0;9,7;0;APROVADO;2020-5
57662708;4aa6a2b0eac126c08246c152811ba51b;92127264;;;;;;;INDEFERIDO;2020-5
57662708;ff910d138566b3964caed0aae2063086;92127264;;;;;;;INDEFERIDO;2020-5
57662708;6c5380ba799263418724f9af3f241040;92127264;;;;;;;INDEFERIDO;2020-5
57662708;0f06dd99f1680b0efd2fe9268112e11b;92127264;;;;;;;INDEFERIDO;2020-5
57662708;450f520f170288075299a77d4dad109c;92127264;;;;;;;INDEFERIDO;2020-5
57662708;679b49cde4175ee3e4c24ffe3d94abc1;92127264;;;;;;;INDEFERIDO;2020-5
57662708;ef2d5c8c1f950a1cb376bbfb01954236;92127264;;;;;;;INDEFERIDO;2020-5
57662708;8069ad27659c40b26f4ce1faab6c5ccb;92127264;1;0,0;true;0;7,5;4;APROVADO;2020-5
57662708;8069ad27659c40b26f4ce1faab6c5ccb;92127264;2;4,2;false;0;7,5;4;APROVADO;2020-5
57662708;8069ad27659c40b26f4ce1faab6c5ccb;92127264;3;8,3;false;0;7,5;4;APROVADO;2020-5
57662708;05cc233113f5bf7e155940f08af2fa08;92127264;;;;;;;INDEFERIDO;2020-5
57662708;94d8b9379ec094cd5883cd719ae1345b;92127264;;;;;;;INDEFERIDO;2020-5
57662708;35a41fdcd22b22af9e0ac8a565a8246a;92127264;;;;;;;INDEFERIDO;2020-5
57662708;3cdf22a55ed3c3275b9b3d854f8fb02a;92127264;1;9,2;false;0;9,5;0;APROVADO;2020-5
57662708;3cdf22a55ed3c3275b9b3d854f8fb02a;92127264;2;9,8;false;0;9,5;0;APROVADO;2020-5
57662708;3cdf22a55ed3c3275b9b3d854f8fb02a;92127264;3;9,5;false;0;9,5;0;APROVADO;2020-5
57662708;66dffbe21060e1c3bb47a05ebb29b572;92127264;;;;;;;INDEFERIDO;2020-5
57662708;fbf056736ff890f05d1be82cf3d29b30;92127264;;;;;;;INDEFERIDO;2020-5
57662708;ef5889e63eb4e8730c71f51a192da05e;92127264;;;;;;;INDEFERIDO;2020-5
57662708;375f1ba9bc3ca6a749bf4867e45ed901;92127264;1;7,0;false;0;2,3;24;EXCLUIDA;2020-5
57662708;375f1ba9bc3ca6a749bf4867e45ed901;92127264;2;0,0;false;0;2,3;24;EXCLUIDA;2020-5
57662708;375f1ba9bc3ca6a749bf4867e45ed901;92127264;3;0,0;false;0;2,3;24;EXCLUIDA;2020-5
57662708;84287e618edf9c1ff9a179cfe0f53210;92127264;;;;;;;INDEFERIDO;2020-5
57662708;312e3edf39a72d333352df2a41f54f78;92127264;;;;;;;INDEFERIDO;2020-5
57662708;d02e4374799f67ae8d2ca35de41a95c0;92127264;;;;;;;INDEFERIDO;2020-5
57662708;48244590c3dfe8d745ff4695ce080bcd;92127264;;;;;;;INDEFERIDO;2020-5
57662708;09c8667a1e8da948735b41958900085c;92127264;1;5,0;false;0;1,7;22;EXCLUIDA;2020-5
57662708;09c8667a1e8da948735b41958900085c;92127264;2;0,0;false;0;1,7;22;EXCLUIDA;2020-5
57662708;09c8667a1e8da948735b41958900085c;92127264;3;0,0;false;0;1,7;22;EXCLUIDA;2020-5
57662708;3cf9f64a93cb63e826715e047cf5b672;92127264;1;0,0;true;0;7,2;8;APROVADO;2020-5
57662708;3cf9f64a93cb63e826715e047cf5b672;92127264;2;6,3;false;0;7,2;8;APROVADO;2020-5
57662708;3cf9f64a93cb63e826715e047cf5b672;92127264;3;9,3;false;0;7,2;8;APROVADO;2020-5
57662708;3d7414e7e523fd61490f36a578527e71;92127264;1;0,0;false;0;0,0;28;EXCLUIDA;2020-5
57662708;3d7414e7e523fd61490f36a578527e71;92127264;2;0,0;false;0;0,0;28;EXCLUIDA;2020-5
57662708;3d7414e7e523fd61490f36a578527e71;92127264;3;0,0;false;0;0,0;28;EXCLUIDA;2020-5
57662708;7c1591f2fbc1dda9f4aefa4b3d7f1439;92127264;2;9,5;false;0;9,3;0;APROVADO;2020-5
57662708;7c1591f2fbc1dda9f4aefa4b3d7f1439;92127264;3;10,0;false;0;9,3;0;APROVADO;2020-5
57662708;7c1591f2fbc1dda9f4aefa4b3d7f1439;92127264;1;8,5;false;0;9,3;0;APROVADO;2020-5
57662708;f9a1d23cad4b95e18c38365b32c5393c;92127264;1;6,2;false;0;8,7;2;APROVADO;2020-5
57662708;f9a1d23cad4b95e18c38365b32c5393c;92127264;2;10,0;false;0;8,7;2;APROVADO;2020-5
57662708;f9a1d23cad4b95e18c38365b32c5393c;92127264;3;10,0;false;0;8,7;2;APROVADO;2020-5
57662708;a1ab30c72652ec67c2199d32a84684cd;92127264;1;10,0;false;0;7,7;4;APROVADO;2020-5
57662708;a1ab30c72652ec67c2199d32a84684cd;92127264;2;7,2;false;0;7,7;4;APROVADO;2020-5
57662708;a1ab30c72652ec67c2199d32a84684cd;92127264;3;6,0;false;0;7,7;4;APROVADO;2020-5
57662708;a877668620d7f95c9e84b8e729d6aea4;92127264;1;8,5;false;0;9,0;0;APROVADO;2020-5
57662708;a877668620d7f95c9e84b8e729d6aea4;92127264;2;9,5;false;0;9,0;0;APROVADO;2020-5
57662708;a877668620d7f95c9e84b8e729d6aea4;92127264;3;9,0;false;0;9,0;0;APROVADO;2020-5
57662708;eeeae0a392c5f7ad48803fc19c31b5e0;92127264;1;5,1;false;0;7,3;10;APROVADO;2020-5
57662708;eeeae0a392c5f7ad48803fc19c31b5e0;92127264;2;6,8;false;0;7,3;10;APROVADO;2020-5
57662708;eeeae0a392c5f7ad48803fc19c31b5e0;92127264;3;10,0;false;0;7,3;10;APROVADO;2020-5
57662708;e94ba94870420a4e991f57a5b59e286c;92127264;1;10,0;false;0;9,8;0;APROVADO;2020-5
57662708;e94ba94870420a4e991f57a5b59e286c;92127264;2;10,0;false;0;9,8;0;APROVADO;2020-5
57662708;e94ba94870420a4e991f57a5b59e286c;92127264;3;9,5;false;0;9,8;0;APROVADO;2020-5
57662708;1de77e3b7e048f1e966e26be19f9376b;92127264;1;7,5;false;0;7,2;6;APROVADO;2020-5
57662708;1de77e3b7e048f1e966e26be19f9376b;92127264;2;9,1;false;0;7,2;6;APROVADO;2020-5
57662708;1de77e3b7e048f1e966e26be19f9376b;92127264;3;5,0;false;0;7,2;6;APROVADO;2020-5
57662708;303eec2d1150f5fbe8a62ed4a9e84d1e;92127264;1;9,8;false;0;9,9;0;APROVADO;2020-5
57662708;303eec2d1150f5fbe8a62ed4a9e84d1e;92127264;2;10,0;false;0;9,9;0;APROVADO;2020-5
57662708;303eec2d1150f5fbe8a62ed4a9e84d1e;92127264;3;10,0;false;0;9,9;0;APROVADO;2020-5
57662708;e5af110b6e9d13b2ae352cbc11553b6d;92127264;1;10,0;false;0;9,8;0;APROVADO;2020-5
57662708;e5af110b6e9d13b2ae352cbc11553b6d;92127264;2;9,5;false;0;9,8;0;APROVADO;2020-5
57662708;e5af110b6e9d13b2ae352cbc11553b6d;92127264;3;10,0;false;0;9,8;0;APROVADO;2020-5
57662708;ee4ce9b53359c9683e1e36beda032b76;92127264;2;0,0;false;0;0,0;28;EXCLUIDA;2020-5
57662708;ee4ce9b53359c9683e1e36beda032b76;92127264;3;0,0;false;0;0,0;28;EXCLUIDA;2020-5
57662708;ee4ce9b53359c9683e1e36beda032b76;92127264;1;0,0;false;0;0,0;28;EXCLUIDA;2020-5
57662708;f4b31364d87ffc8c9f4673a285439996;92127264;1;10,0;false;0;9,5;0;APROVADO;2020-5
57662708;f4b31364d87ffc8c9f4673a285439996;92127264;2;8,5;false;0;9,5;0;APROVADO;2020-5
57662708;f4b31364d87ffc8c9f4673a285439996;92127264;3;10,0;false;0;9,5;0;APROVADO;2020-5
57662708;ef9681e406c0e39099cf3e1741471dd9;92127264;1;9,9;false;0;9,5;0;APROVADO;2020-5
57662708;ef9681e406c0e39099cf3e1741471dd9;92127264;2;8,6;false;0;9,5;0;APROVADO;2020-5
57662708;ef9681e406c0e39099cf3e1741471dd9;92127264;3;10,0;false;0;9,5;0;APROVADO;2020-5
57662708;9a02aefefd67f03eee626bfe16dfeb4c;92127264;1;2,5;false;0;0,8;24;EXCLUIDA;2020-5
57662708;9a02aefefd67f03eee626bfe16dfeb4c;92127264;2;0,0;false;0;0,8;24;EXCLUIDA;2020-5
57662708;9a02aefefd67f03eee626bfe16dfeb4c;92127264;3;0,0;false;0;0,8;24;EXCLUIDA;2020-5
57662708;4ede2edb783df86bbdbe0d4fefc7ca0e;92127264;1;2,5;false;0;0,8;22;EXCLUIDA;2020-5
57662708;4ede2edb783df86bbdbe0d4fefc7ca0e;92127264;2;0,0;false;0;0,8;22;EXCLUIDA;2020-5
57662708;4ede2edb783df86bbdbe0d4fefc7ca0e;92127264;3;0,0;false;0;0,8;22;EXCLUIDA;2020-5
57662708;94d8b9379ec094cd5883cd719ae1345b;92127264;1;6,0;false;0;4,3;28;EXCLUIDA;2020-5
57662708;94d8b9379ec094cd5883cd719ae1345b;92127264;2;7,0;false;0;4,3;28;EXCLUIDA;2020-5
57662708;94d8b9379ec094cd5883cd719ae1345b;92127264;3;0,0;false;0;4,3;28;EXCLUIDA;2020-5
57662708;89b732f64266272d183c9b7c13ffce82;92127264;;;;;;;INDEFERIDO;2020-5
57662708;0e153f088e4ba8895b750b65adb1645e;92127264;;;;;;;INDEFERIDO;2020-5
57662708;e7f83c465564144cfa8f6a4e04d87910;92127264;;;;;;;INDEFERIDO;2020-5
57662708;bce5acc2e6455c97ce8df784d33c6603;92127264;;;;;;;INDEFERIDO;2020-5
57662708;b5b1e0bf9abef9337de45ca2b89464bc;92127264;;;;;;;INDEFERIDO;2020-5
57662708;3c58e0916425708939ca246deae33a9f;92127264;;;;;;;INDEFERIDO;2020-5
57662708;106ed6a4ff1e89223c9cc6152aa38665;92127264;;;;;;;INDEFERIDO;2020-5
57662708;490a7151bd06285fe0fb8057f467523f;92127264;1;5,0;false;0;1,7;26;EXCLUIDA;2020-5
57662708;490a7151bd06285fe0fb8057f467523f;92127264;2;0,0;false;0;1,7;26;EXCLUIDA;2020-5
57662708;490a7151bd06285fe0fb8057f467523f;92127264;3;0,0;false;0;1,7;26;EXCLUIDA;2020-5
57662708;75f1d320b6593897be00be6dcd3f1b99;92127264;;;;;;;INDEFERIDO;2020-5
57662708;abba494a3f964a7fe18164c54b70c90c;92127264;;;;;;;INDEFERIDO;2020-5
57662708;9d9e9cb8cddb6c754d9604e8e3dfc180;92127264;;;;;;;INDEFERIDO;2020-5
57662708;5a57986fc106c0f1a219c9b5c0930557;92127264;;;;;;;INDEFERIDO;2020-5
57662708;6aebd9e08c2c2c9edd46e3352da2c996;92127264;1;9,9;false;0;8,3;0;APROVADO;2020-5
57662708;6aebd9e08c2c2c9edd46e3352da2c996;92127264;2;6,5;false;0;8,3;0;APROVADO;2020-5
57662708;6aebd9e08c2c2c9edd46e3352da2c996;92127264;3;8,5;false;0;8,3;0;APROVADO;2020-5
57662708;349dc7ba2ad114e5b194e242c695cc05;92127264;;;;;;;INDEFERIDO;2020-5
57662708;4af694ec6b3d69082f134cc16e681474;92127264;;;;;;;INDEFERIDO;2020-5
57662708;995ef8877c538b70b5443f9490d77c10;92127264;;;;;;;INDEFERIDO;2020-5
57662708;6315da6c9bd7c6e403d3f40057039866;92127264;;;;;;;INDEFERIDO;2020-5
57662708;1de77e3b7e048f1e966e26be19f9376b;92127264;;;;;;;INDEFERIDO;2020-5
57662708;b0367cc573977057e54a192c19db9e01;92127264;;;;;;;INDEFERIDO;2020-5
57662708;25b272f619e35cc308fbd644bd6d2d78;92127264;;;;;;;INDEFERIDO;2020-5
57662708;725601eed549977ebc3289764658363c;92127264;;;;;;;INDEFERIDO;2020-5
57662708;5466ada7f15e5ae29779aada47154cde;92127264;;;;;;;INDEFERIDO;2020-5
57662708;26ea315f34d7ab18e0b0df9bbc6b55c8;92127264;;;;;;;INDEFERIDO;2020-5
57662708;d94c0a211b8f325b3670decb5deacbe5;92127264;;;;;;;INDEFERIDO;2020-5
57662708;122204062f07eb24c4c8ca1ea1a6b96a;92127264;;;;;;;INDEFERIDO;2020-5
57662708;6056c4082d4a7f65d64943dad44eaac4;92127264;;;;;;;INDEFERIDO;2020-5
57662708;dd546104b80fa355380038e57b658d31;92127264;;;;;;;INDEFERIDO;2020-5
57662708;482054df893185c4b13ae549b0e0d7ab;92127264;;;;;;;INDEFERIDO;2020-5
57662708;8e94cb99999fb015140bb1a97fb1af5c;92127264;;;;;;;INDEFERIDO;2020-5
57662708;d638dffa503c3470874f0e5d8a8c502b;92127264;;;;;;;INDEFERIDO;2020-5
57662708;55f016f547f55221cc89c55dad3de339;92127264;1;5,0;false;0;7,4;4;APROVADO;2020-5
57662708;55f016f547f55221cc89c55dad3de339;92127264;2;8,3;false;0;7,4;4;APROVADO;2020-5
57662708;55f016f547f55221cc89c55dad3de339;92127264;3;9,0;false;0;7,4;4;APROVADO;2020-5
57662708;e3a4488746fff3d86826b1f1dc5cd23d;92127264;3;0,0;false;0;0,0;28;EXCLUIDA;2020-5
57662708;e3a4488746fff3d86826b1f1dc5cd23d;92127264;1;0,0;false;0;0,0;28;EXCLUIDA;2020-5
57662708;e3a4488746fff3d86826b1f1dc5cd23d;92127264;2;0,0;false;0;0,0;28;EXCLUIDA;2020-5
57662708;61fc54ebae15de52efc1bf5cf4ada254;92127264;1;10,0;false;0;9,4;0;APROVADO;2020-5
57662708;61fc54ebae15de52efc1bf5cf4ada254;92127264;2;8,6;false;0;9,4;0;APROVADO;2020-5
57662708;61fc54ebae15de52efc1bf5cf4ada254;92127264;3;9,5;false;0;9,4;0;APROVADO;2020-5
57662708;c457e1fb7303a5310ac8640d99735d6a;92127264;1;4,0;false;0;1,3;26;EXCLUIDA;2020-5
57662708;c457e1fb7303a5310ac8640d99735d6a;92127264;2;0,0;false;0;1,3;26;EXCLUIDA;2020-5
57662708;c457e1fb7303a5310ac8640d99735d6a;92127264;3;0,0;false;0;1,3;26;EXCLUIDA;2020-5
57662708;875de0b1bdae80eab19abe4d3fc469ae;92127264;3;10,0;false;0;9,9;0;APROVADO;2020-5
57662708;875de0b1bdae80eab19abe4d3fc469ae;92127264;2;9,8;false;0;9,9;0;APROVADO;2020-5
57662708;875de0b1bdae80eab19abe4d3fc469ae;92127264;1;10,0;false;0;9,9;0;APROVADO;2020-5
57662708;080560a903a768a0027854835ba51243;92127264;1;10,0;false;0;10,0;0;APROVADO;2020-5
57662708;080560a903a768a0027854835ba51243;92127264;2;10,0;false;0;10,0;0;APROVADO;2020-5
57662708;080560a903a768a0027854835ba51243;92127264;3;10,0;false;0;10,0;0;APROVADO;2020-5
57662708;905c2f664cb927c55ddc2dd1d32b96ff;92127264;1;8,5;false;0;9,5;0;APROVADO;2020-5
57662708;905c2f664cb927c55ddc2dd1d32b96ff;92127264;2;10,0;false;0;9,5;0;APROVADO;2020-5
57662708;905c2f664cb927c55ddc2dd1d32b96ff;92127264;3;10,0;false;0;9,5;0;APROVADO;2020-5
57662708;dfcf8074d1772f2fad699bd8750effd8;92127264;2;9,5;false;0;9,8;0;APROVADO;2020-5
57662708;dfcf8074d1772f2fad699bd8750effd8;92127264;3;10,0;false;0;9,8;0;APROVADO;2020-5
57662708;dfcf8074d1772f2fad699bd8750effd8;92127264;1;9,8;false;0;9,8;0;APROVADO;2020-5
57662708;2d0bc4afa25ba4c266c0b488007705cf;92127264;1;9,7;false;0;9,7;0;APROVADO;2020-5
57662708;2d0bc4afa25ba4c266c0b488007705cf;92127264;2;9,5;false;0;9,7;0;APROVADO;2020-5
57662708;2d0bc4afa25ba4c266c0b488007705cf;92127264;3;10,0;false;0;9,7;0;APROVADO;2020-5
57662708;e0c079fef6c463e81d8ae949eb30083b;92127264;1;8,0;false;0;8,0;4;APROVADO;2020-5
57662708;e0c079fef6c463e81d8ae949eb30083b;92127264;2;9,3;false;0;8,0;4;APROVADO;2020-5
57662708;e0c079fef6c463e81d8ae949eb30083b;92127264;3;6,6;false;0;8,0;4;APROVADO;2020-5
57662708;05f9e02b34d3d1276d8377ce7a0c1acc;92127264;1;10,0;false;0;9,8;0;CANCELADO;2020-5
57662708;05f9e02b34d3d1276d8377ce7a0c1acc;92127264;2;9,5;false;0;9,8;0;CANCELADO;2020-5
57662708;05f9e02b34d3d1276d8377ce7a0c1acc;92127264;3;10,0;false;0;9,8;0;CANCELADO;2020-5
57662708;64f063d1306dc63efb78305f6aa8fe29;92127264;1;5,0;false;0;1,7;24;EXCLUIDA;2020-5
57662708;64f063d1306dc63efb78305f6aa8fe29;92127264;2;0,0;false;0;1,7;24;EXCLUIDA;2020-5
57662708;64f063d1306dc63efb78305f6aa8fe29;92127264;3;0,0;false;0;1,7;24;EXCLUIDA;2020-5
57662708;164c99529de4650649be0ef117b137e6;92127264;2;9,0;false;0;8,2;4;APROVADO;2020-5
57662708;164c99529de4650649be0ef117b137e6;92127264;3;6,0;false;0;8,2;4;APROVADO;2020-5
57662708;164c99529de4650649be0ef117b137e6;92127264;1;9,5;false;0;8,2;4;APROVADO;2020-5
57662708;707ba2db8d759c50ae2a285521b05307;92127264;1;10,0;false;0;9,5;4;APROVADO;2020-5
57662708;707ba2db8d759c50ae2a285521b05307;92127264;2;9,0;false;0;9,5;4;APROVADO;2020-5
57662708;707ba2db8d759c50ae2a285521b05307;92127264;3;9,5;false;0;9,5;4;APROVADO;2020-5
57662708;0daf42af2d3ad5bb1c13b526a69e8ab6;92127264;1;2,5;false;0;0,8;26;EXCLUIDA;2020-5
57662708;0daf42af2d3ad5bb1c13b526a69e8ab6;92127264;2;0,0;false;0;0,8;26;EXCLUIDA;2020-5
57662708;0daf42af2d3ad5bb1c13b526a69e8ab6;92127264;3;0,0;false;0;0,8;26;EXCLUIDA;2020-5
57662708;5466ada7f15e5ae29779aada47154cde;92127264;1;0,0;false;0;0,0;34;EXCLUIDA;2020-5
57662708;5466ada7f15e5ae29779aada47154cde;92127264;2;0,0;false;0;0,0;34;EXCLUIDA;2020-5
57662708;5466ada7f15e5ae29779aada47154cde;92127264;3;0,0;false;0;0,0;34;EXCLUIDA;2020-5
57662708;2075fb9172eaed4f47c9854653c3e9dc;92127264;1;4,9;false;0;1,6;26;EXCLUIDA;2020-5
57662708;2075fb9172eaed4f47c9854653c3e9dc;92127264;2;0,0;false;0;1,6;26;EXCLUIDA;2020-5
57662708;2075fb9172eaed4f47c9854653c3e9dc;92127264;3;0,0;false;0;1,6;26;EXCLUIDA;2020-5
57662708;118de23cef0285b33d7ba6814c184c6b;92127264;1;9,2;false;0;9,7;0;APROVADO;2020-5
57662708;118de23cef0285b33d7ba6814c184c6b;92127264;2;10,0;false;0;9,7;0;APROVADO;2020-5
57662708;118de23cef0285b33d7ba6814c184c6b;92127264;3;10,0;false;0;9,7;0;APROVADO;2020-5
57662708;c9d7f23ab52b57c85bd5c145c6a81f47;92127264;1;10,0;false;0;9,8;4;APROVADO;2020-5
57662708;c9d7f23ab52b57c85bd5c145c6a81f47;92127264;2;9,3;false;0;9,8;4;APROVADO;2020-5
57662708;c9d7f23ab52b57c85bd5c145c6a81f47;92127264;3;10,0;false;0;9,8;4;APROVADO;2020-5
57662708;fdcb58554cab1dda021f5f456aa8ab6f;92127264;1;5,0;false;0;8,0;4;APROVADO;2020-5
57662708;fdcb58554cab1dda021f5f456aa8ab6f;92127264;2;9,4;false;0;8,0;4;APROVADO;2020-5
57662708;fdcb58554cab1dda021f5f456aa8ab6f;92127264;3;9,5;false;0;8,0;4;APROVADO;2020-5
57662708;52cb0901c1ba8d1785ead505c2561fab;92127264;;;;;;;INDEFERIDO;2020-5
57662708;7cfdd26b5b0015babd1743b87d9e1f80;92127264;1;10,0;false;0;8,6;4;APROVADO;2020-5
57662708;7cfdd26b5b0015babd1743b87d9e1f80;92127264;2;7,9;false;0;8,6;4;APROVADO;2020-5
57662708;7cfdd26b5b0015babd1743b87d9e1f80;92127264;3;8,0;false;0;8,6;4;APROVADO;2020-5
57662708;e35b819ba818fdcf4798abf7b7e40994;92127264;;;;;;;INDEFERIDO;2020-5
57662708;0a38d902e1713d08ddbdcc176741944c;92127264;;;;;;;INDEFERIDO;2020-5
57662708;587b448a5c9504451bb346f16f5726a5;92127264;1;8,3;false;0;7,7;0;APROVADO;2020-5
57662708;587b448a5c9504451bb346f16f5726a5;92127264;2;6,5;false;0;7,7;0;APROVADO;2020-5
57662708;587b448a5c9504451bb346f16f5726a5;92127264;3;8,3;false;0;7,7;0;APROVADO;2020-5
57662708;0718fc8d18699e8eb0800ba792353f5e;92127264;1;8,5;false;0;8,9;0;APROVADO;2020-5
57662708;0718fc8d18699e8eb0800ba792353f5e;92127264;2;8,2;false;0;8,9;0;APROVADO;2020-5
57662708;0718fc8d18699e8eb0800ba792353f5e;92127264;3;10,0;false;0;8,9;0;APROVADO;2020-5
57662708;bdd9dabf1afa9c448b4d5b31f1dcac54;92127264;1;9,8;false;0;7,8;12;APROVADO;2020-5
57662708;bdd9dabf1afa9c448b4d5b31f1dcac54;92127264;2;6,0;false;0;7,8;12;APROVADO;2020-5
57662708;bdd9dabf1afa9c448b4d5b31f1dcac54;92127264;3;7,5;false;0;7,8;12;APROVADO;2020-5
57662708;427458671fca455e3b2e82f8202dbc92;92127264;1;2,5;true;0;7,1;2;APROVADO;2020-5
57662708;427458671fca455e3b2e82f8202dbc92;92127264;2;10,0;false;0;7,1;2;APROVADO;2020-5
57662708;427458671fca455e3b2e82f8202dbc92;92127264;3;7,3;false;0;7,1;2;APROVADO;2020-5
57662708;e189468be6bacca531b2205f0569328a;92127264;2;8,8;false;0;9,2;2;APROVADO;2020-5
57662708;e189468be6bacca531b2205f0569328a;92127264;3;10,0;false;0;9,2;2;APROVADO;2020-5
57662708;e189468be6bacca531b2205f0569328a;92127264;1;8,8;false;0;9,2;2;APROVADO;2020-5
57662708;2b0b4a26b3cae6102b69bdf568c45ab6;92127264;1;10,0;false;0;9,8;6;APROVADO;2020-5
57662708;2b0b4a26b3cae6102b69bdf568c45ab6;92127264;2;9,5;false;0;9,8;6;APROVADO;2020-5
57662708;2b0b4a26b3cae6102b69bdf568c45ab6;92127264;3;10,0;false;0;9,8;6;APROVADO;2020-5
57662708;809c1c530dff8d1a2010e8a060e793c0;92127264;2;4,5;false;0;6,2;6;APROVADO POR NOTA;2020-5
57662708;809c1c530dff8d1a2010e8a060e793c0;92127264;3;9,0;false;0;6,2;6;APROVADO POR NOTA;2020-5
57662708;809c1c530dff8d1a2010e8a060e793c0;92127264;1;5,0;false;0;6,2;6;APROVADO POR NOTA;2020-5
57662708;62fc89be42d84cb5d56eb971a65c4464;92127264;1;9,7;false;0;9,9;4;APROVADO;2020-5
57662708;62fc89be42d84cb5d56eb971a65c4464;92127264;2;10,0;false;0;9,9;4;APROVADO;2020-5
57662708;62fc89be42d84cb5d56eb971a65c4464;92127264;3;10,0;false;0;9,9;4;APROVADO;2020-5
57662708;3fc6279ccf8ddbeb010c406fa50e8a43;92127264;3;9,5;false;0;9,3;2;APROVADO;2020-5
57662708;3fc6279ccf8ddbeb010c406fa50e8a43;92127264;1;9,8;false;0;9,3;2;APROVADO;2020-5
57662708;3fc6279ccf8ddbeb010c406fa50e8a43;92127264;2;8,5;false;0;9,3;2;APROVADO;2020-5
57662708;e26ab276884a2e32328df4768355aa7b;92127264;;;;;;;INDEFERIDO;2020-5
57662708;84c632d7e927a5cd04dc3f48f72957fa;92127264;;;;;;;INDEFERIDO;2020-5
57662708;67f4c06dd7a23b72f4912c11cf0b60f0;92127264;;;;;;;INDEFERIDO;2020-5
57662708;ff26ae4fbe4ecde43575bc89deddbb30;92127264;;;;;;;INDEFERIDO;2020-5
57662708;482054df893185c4b13ae549b0e0d7ab;92127264;1;7,8;false;0;7,9;10;APROVADO;2020-5
57662708;482054df893185c4b13ae549b0e0d7ab;92127264;2;0,0;true;0;7,9;10;APROVADO;2020-5
57662708;482054df893185c4b13ae549b0e0d7ab;92127264;3;6,0;false;0;7,9;10;APROVADO;2020-5
57662708;0d77d4ec93d476d24759d6940402a2f9;92127264;2;9,5;false;0;8,0;8;APROVADO;2020-5
57662708;0d77d4ec93d476d24759d6940402a2f9;92127264;3;4,5;false;0;8,0;8;APROVADO;2020-5
57662708;0d77d4ec93d476d24759d6940402a2f9;92127264;1;10,0;false;0;8,0;8;APROVADO;2020-5
57662708;d9415cd0546f4037018add01381298bc;92127264;1;10,0;false;0;9,8;0;APROVADO;2020-5
57662708;d9415cd0546f4037018add01381298bc;92127264;2;9,3;false;0;9,8;0;APROVADO;2020-5
57662708;d9415cd0546f4037018add01381298bc;92127264;3;10,0;false;0;9,8;0;APROVADO;2020-5
57662708;db47b0aec7d703b8b12b35aa6f4fea6a;92127264;;;;;;;INDEFERIDO;2020-5
57663554;256f7c8f1000a91ef952375634c436a3;92127264;;;;;;;INDEFERIDO;2020-5
57663554;1bfe7c5627fcea4538313dbbd396bbf3;92127264;;;;;;;INDEFERIDO;2020-5
57663554;9520b6f478e53fb045b12a0b112d4239;92127264;;;;;;;INDEFERIDO;2020-5
57663554;4db0781830627a0e8c484ac07d115525;92127264;;;;;;;INDEFERIDO;2020-5
57663554;482054df893185c4b13ae549b0e0d7ab;92127264;;;;;;;INDEFERIDO;2020-5
57663554;747c87d438113d3591e1e61f9cc1d44a;92127264;;;;;;;INDEFERIDO;2020-5
57663554;8326576597766bfc690ed8d0ad3d7d26;92127264;1;7,5;false;0;8,0;0;APROVADO;2020-5
57663554;8326576597766bfc690ed8d0ad3d7d26;92127264;2;7,6;false;0;8,0;0;APROVADO;2020-5
57663554;8326576597766bfc690ed8d0ad3d7d26;92127264;3;9,0;false;0;8,0;0;APROVADO;2020-5
57663554;d4ba6d4187596904310c9e018dce701a;92127264;1;9,0;false;0;9,2;0;APROVADO;2020-5
57663554;d4ba6d4187596904310c9e018dce701a;92127264;2;9,5;false;0;9,2;0;APROVADO;2020-5
57663554;d4ba6d4187596904310c9e018dce701a;92127264;3;9,0;false;0;9,2;0;APROVADO;2020-5
57663554;f6b1c7f9fba2efd70d78c1ff91a53063;92127264;;;;;;;INDEFERIDO;2020-5
57663653;b38f1ce67c2ce09b7085edef7dc08751;92127264;1;10,0;false;0;10,0;0;APROVADO;2020-5
57663653;b38f1ce67c2ce09b7085edef7dc08751;92127264;2;10,0;false;0;10,0;0;APROVADO;2020-5
57663653;b38f1ce67c2ce09b7085edef7dc08751;92127264;3;10,0;false;0;10,0;0;APROVADO;2020-5
57663653;2013f534c65d77dc89122c35df697415;92127264;2;5,7;false;0;5,7;6;APROVADO POR NOTA;2020-5
57663653;2013f534c65d77dc89122c35df697415;92127264;3;3,0;false;0;5,7;6;APROVADO POR NOTA;2020-5
57663653;2013f534c65d77dc89122c35df697415;92127264;1;8,5;false;0;5,7;6;APROVADO POR NOTA;2020-5
57663653;b554a7595a1fc91654a00f846c41dc6f;92127264;;;;;;;INDEFERIDO;2020-5
57663653;fc72d8ee796c35244b10adcfa1847eda;92127264;;;;;;;INDEFERIDO;2020-5
57663653;3383ba4f644dfbbc82f9148b8eca3e0f;92127264;;;;;;;INDEFERIDO;2020-5
57663653;aab7ed515e265593abb11d7c6426f706;92127264;1;10,0;false;0;9,5;2;APROVADO;2020-5
57663653;aab7ed515e265593abb11d7c6426f706;92127264;2;10,0;false;0;9,5;2;APROVADO;2020-5
57663653;aab7ed515e265593abb11d7c6426f706;92127264;3;8,4;false;0;9,5;2;APROVADO;2020-5
57663653;06ea0294ba3439025e5e0ce371048585;92127264;1;6,5;false;0;5,0;4;APROVADO POR NOTA;2020-5
57663653;06ea0294ba3439025e5e0ce371048585;92127264;2;5,6;false;0;5,0;4;APROVADO POR NOTA;2020-5
57663653;06ea0294ba3439025e5e0ce371048585;92127264;3;3,0;false;0;5,0;4;APROVADO POR NOTA;2020-5
57663653;736b02f7e21fadd7be4b5e2c8e3220cc;92127264;;;;;;;INDEFERIDO;2020-5
57663653;91a24c0ceb7824c09093f7038f9701bc;92127264;;;;;;;INDEFERIDO;2020-5
57663653;c93c3d19c178b18c40cdf7e84e4ce81f;92127264;;;;;;;INDEFERIDO;2020-5
57663653;8102794fe244cb2c997b3a4bde2fbd15;92127264;;;;;;;INDEFERIDO;2020-5
57663653;017fb033e3576b90a4746f95ed1670d6;92127264;;;;;;;INDEFERIDO;2020-5
57663653;f20199e35adb3eb3397143f91c1f78c9;92127264;;;;;;;INDEFERIDO;2020-5
57663653;cb16d2a74d252b10a154720dc48fb2d7;92127264;2;8,5;false;0;8,0;6;APROVADO;2020-5
57663653;cb16d2a74d252b10a154720dc48fb2d7;92127264;3;6,3;false;0;8,0;6;APROVADO;2020-5
57663653;cb16d2a74d252b10a154720dc48fb2d7;92127264;1;9,1;false;0;8,0;6;APROVADO;2020-5
57663653;5c36f997414afe85466ddf7f029be0f3;92127264;;;;;;;INDEFERIDO;2020-5
57663653;a609ebc6b61e57772e4b2490decd1ef0;92127264;1;10,0;false;0;10,0;0;APROVADO;2020-5
57663653;a609ebc6b61e57772e4b2490decd1ef0;92127264;2;10,0;false;0;10,0;0;APROVADO;2020-5
57663653;a609ebc6b61e57772e4b2490decd1ef0;92127264;3;10,0;false;0;10,0;0;APROVADO;2020-5
57663653;db6ba4657afbb2142110e00aaf0a4feb;92127264;1;10,0;false;0;9,6;0;APROVADO;2020-5
57663653;db6ba4657afbb2142110e00aaf0a4feb;92127264;2;10,0;false;0;9,6;0;APROVADO;2020-5
57663653;db6ba4657afbb2142110e00aaf0a4feb;92127264;3;8,7;false;0;9,6;0;APROVADO;2020-5
57663653;16e3390c968be1987a248cf5eb35479b;92127264;1;10,0;false;0;9,1;4;APROVADO;2020-5
57663653;16e3390c968be1987a248cf5eb35479b;92127264;2;10,0;false;0;9,1;4;APROVADO;2020-5
57663653;16e3390c968be1987a248cf5eb35479b;92127264;3;7,2;false;0;9,1;4;APROVADO;2020-5
57663653;4aa63133c963bd0936a731846d0be1b6;92127264;1;10,0;false;0;10,0;2;APROVADO;2020-5
57663653;4aa63133c963bd0936a731846d0be1b6;92127264;2;10,0;false;0;10,0;2;APROVADO;2020-5
57663653;4aa63133c963bd0936a731846d0be1b6;92127264;3;10,0;false;0;10,0;2;APROVADO;2020-5
57663653;ba804537a9b16b1fa3582844e8ef9636;92127264;3;0,0;false;0;0,0;48;EXCLUIDA;2020-5
57663653;ba804537a9b16b1fa3582844e8ef9636;92127264;1;0,0;false;0;0,0;48;EXCLUIDA;2020-5
57663653;ba804537a9b16b1fa3582844e8ef9636;92127264;2;0,0;false;0;0,0;48;EXCLUIDA;2020-5
57663653;277830ff25b2d893a214d8e0c1bee0e4;92127264;1;4,2;false;0;1,4;20;EXCLUIDA;2020-5
57663653;277830ff25b2d893a214d8e0c1bee0e4;92127264;2;0,0;false;0;1,4;20;EXCLUIDA;2020-5
57663653;277830ff25b2d893a214d8e0c1bee0e4;92127264;3;0,0;false;0;1,4;20;EXCLUIDA;2020-5
57663653;1fb7466b149a504ccb86c8b814f09f12;92127264;;;;;;;INDEFERIDO;2020-5
57663653;1dfa15d5ae037a6218ca8192194f3900;92127264;1;0,0;false;0;0,0;36;EXCLUIDA;2020-5
57663653;1dfa15d5ae037a6218ca8192194f3900;92127264;2;0,0;false;0;0,0;36;EXCLUIDA;2020-5
57663653;1dfa15d5ae037a6218ca8192194f3900;92127264;3;0,0;false;0;0,0;36;EXCLUIDA;2020-5
57663653;d8b22f62feac13932bbc622a00b6fe86;92127264;1;9,8;false;0;7,2;0;APROVADO;2020-5
57663653;d8b22f62feac13932bbc622a00b6fe86;92127264;2;6,2;false;0;7,2;0;APROVADO;2020-5
57663653;d8b22f62feac13932bbc622a00b6fe86;92127264;3;5,7;false;0;7,2;0;APROVADO;2020-5
57663653;d5509b73ee15ba8534055825e75f784f;92127264;1;9,8;false;0;7,0;0;APROVADO;2020-5
57663653;d5509b73ee15ba8534055825e75f784f;92127264;2;6,2;false;0;7,0;0;APROVADO;2020-5
57663653;d5509b73ee15ba8534055825e75f784f;92127264;3;5,1;false;0;7,0;0;APROVADO;2020-5
57663653;613b55b9230d68948b82194dce2995f4;92127264;1;10,0;false;0;8,9;0;APROVADO;2020-5
57663653;613b55b9230d68948b82194dce2995f4;92127264;2;10,0;false;0;8,9;0;APROVADO;2020-5
57663653;613b55b9230d68948b82194dce2995f4;92127264;3;6,6;false;0;8,9;0;APROVADO;2020-5
57663653;47e0a38b24fe1ff3dce2d3da5fb2eb9e;92127264;1;4,7;false;0;1,6;26;EXCLUIDA;2020-5
57663653;47e0a38b24fe1ff3dce2d3da5fb2eb9e;92127264;2;0,0;false;0;1,6;26;EXCLUIDA;2020-5
57663653;47e0a38b24fe1ff3dce2d3da5fb2eb9e;92127264;3;0,0;false;0;1,6;26;EXCLUIDA;2020-5
57663653;e203b55fd1e908f6e296c67f9dd28c39;92127264;;;;;;;INDEFERIDO;2020-5
57663653;b9c4d0adc55c78cfa8218eff023f3c47;92127264;;;;;;;INDEFERIDO;2020-5
57663653;c58f8db5b0c907a7219e0b0d57c636a4;92127264;1;10,0;false;0;9,1;0;APROVADO;2020-5
57663653;c58f8db5b0c907a7219e0b0d57c636a4;92127264;2;10,0;false;0;9,1;0;APROVADO;2020-5
57663653;c58f8db5b0c907a7219e0b0d57c636a4;92127264;3;7,2;false;0;9,1;0;APROVADO;2020-5
57663653;31e219413c1eff2401a1c92479275ca7;92127264;1;10,0;false;0;9,1;0;APROVADO;2020-5
57663653;31e219413c1eff2401a1c92479275ca7;92127264;2;10,0;false;0;9,1;0;APROVADO;2020-5
57663653;31e219413c1eff2401a1c92479275ca7;92127264;3;7,2;false;0;9,1;0;APROVADO;2020-5
57663653;cc45c845f764c7be86f3959bffec4495;92127264;1;10,0;false;0;10,0;2;APROVADO;2020-5
57663653;cc45c845f764c7be86f3959bffec4495;92127264;2;10,0;false;0;10,0;2;APROVADO;2020-5
57663653;cc45c845f764c7be86f3959bffec4495;92127264;3;10,0;false;0;10,0;2;APROVADO;2020-5
57663653;8cadfd912a0e588e224c17883f1c6fd3;92127264;1;10,0;false;0;9,0;0;APROVADO;2020-5
57663653;8cadfd912a0e588e224c17883f1c6fd3;92127264;2;10,0;false;0;9,0;0;APROVADO;2020-5
57663653;8cadfd912a0e588e224c17883f1c6fd3;92127264;3;7,0;false;0;9,0;0;APROVADO;2020-5
57663037;2d5bcf9e0282a9e901cd28452dcb3b16;92127264;;;;;;;INDEFERIDO;2020-5
57663037;3f35609bca4a07f29ec40d91eed364e9;92127264;;;;;;;INDEFERIDO;2020-5
57663037;0a6746bda8f07e3e82a1d1bc7f082d34;92127264;;;;;;;INDEFERIDO;2020-5
57663037;5cbcee188745b24497971f9aabbe4ea6;92127264;;;;;;;INDEFERIDO;2020-5
57663037;d638dffa503c3470874f0e5d8a8c502b;92127264;;;;;;;INDEFERIDO;2020-5
57663037;9b0be4debc1cbe641d94025dffc006c1;92127264;;;;;;;INDEFERIDO;2020-5
57663037;8def9f23887e22f379c6d0626bd4857a;92127264;;;;;;;INDEFERIDO;2020-5
57663037;c3cfce3a7ceb73ae14c0b6a8c3767d37;92127264;;;;;;;INDEFERIDO;2020-5
57663037;d0907434bd2a0bbaf21864487bd117df;92127264;;;;;;;INDEFERIDO;2020-5
57663037;a75e642f7dfb1edfd7da0dacbad92985;92127264;;;;;;;INDEFERIDO;2020-5
57663037;9d037aaa6dff05c7fe47da3ae9ba7f90;92127264;2;8,0;false;0;8,7;0;APROVADO;2020-5
57663037;9d037aaa6dff05c7fe47da3ae9ba7f90;92127264;3;9,0;false;0;8,7;0;APROVADO;2020-5
57663037;9d037aaa6dff05c7fe47da3ae9ba7f90;92127264;1;9,2;false;0;8,7;0;APROVADO;2020-5
57663037;f033577e2b78520bcf43d396b4d952fc;92127264;;;;;;;INDEFERIDO;2020-5
57663037;76af14e329ff3f1ddb139c808c2c46fa;92127264;;;;;;;INDEFERIDO;2020-5
57663037;d6de244250c778c72571a18ba1539f82;92127264;;;;;;;INDEFERIDO;2020-5
57663037;85e845adba52e4a8e96dc2ba79cef5f3;92127264;1;5,6;false;0;6,9;0;APROVADO POR NOTA;2020-5
57663037;85e845adba52e4a8e96dc2ba79cef5f3;92127264;2;6,2;false;0;6,9;0;APROVADO POR NOTA;2020-5
57663037;85e845adba52e4a8e96dc2ba79cef5f3;92127264;3;9,0;false;0;6,9;0;APROVADO POR NOTA;2020-5
57663037;a24b22cac4ba5f5e429eff4bed786d2e;92127264;1;2,6;false;0;0,9;0;EXCLUIDA;2020-5
57663037;a24b22cac4ba5f5e429eff4bed786d2e;92127264;2;0,0;false;0;0,9;0;EXCLUIDA;2020-5
57663037;a24b22cac4ba5f5e429eff4bed786d2e;92127264;3;0,0;false;0;0,9;0;EXCLUIDA;2020-5
57663037;34285b9bc6ad8fcb2ed4be573b3cbbd3;92127264;;;;;;;INDEFERIDO;2020-5
57663037;5e5841860d17a691cf16ca2b79cabe27;92127264;;;;;;;INDEFERIDO;2020-5
57663037;5f022a58f3cdd635977cb0fc7dfdb38a;92127264;;;;;;;INDEFERIDO;2020-5
57663037;7ae44ae4a8f41213e95440a00dba75a9;92127264;1;7,3;false;0;6,3;0;APROVADO POR NOTA;2020-5
57663037;7ae44ae4a8f41213e95440a00dba75a9;92127264;2;4,0;false;0;6,3;0;APROVADO POR NOTA;2020-5
57663037;7ae44ae4a8f41213e95440a00dba75a9;92127264;3;7,5;false;0;6,3;0;APROVADO POR NOTA;2020-5
57663037;1364ff9233c84f7c73808d73850edae7;92127264;;;;;;;INDEFERIDO;2020-5
57663037;d44255a45f7f8a5393bcad2d94e6987e;92127264;;;;;;;INDEFERIDO;2020-5
57663037;e754228f5d71921442cac7dd1a48bb33;92127264;;;;;;;INDEFERIDO;2020-5
57663037;73d06acfc5cae40261a60a218f6ef330;92127264;;;;;;;INDEFERIDO;2020-5
57663037;e419542e9ffcf08f602ec1d294da4910;92127264;;;;;;;INDEFERIDO;2020-5
57663037;dfcf8074d1772f2fad699bd8750effd8;92127264;1;9,5;false;0;8,3;0;APROVADO;2020-5
57663037;dfcf8074d1772f2fad699bd8750effd8;92127264;2;5,3;false;0;8,3;0;APROVADO;2020-5
57663037;dfcf8074d1772f2fad699bd8750effd8;92127264;3;10,0;false;0;8,3;0;APROVADO;2020-5
57663037;e3a4488746fff3d86826b1f1dc5cd23d;92127264;;;;;;;INDEFERIDO;2020-5
57663037;d9415cd0546f4037018add01381298bc;92127264;1;9,0;false;0;8,8;0;APROVADO;2020-5
57663037;d9415cd0546f4037018add01381298bc;92127264;2;7,3;false;0;8,8;0;APROVADO;2020-5
57663037;d9415cd0546f4037018add01381298bc;92127264;3;10,0;false;0;8,8;0;APROVADO;2020-5
57663037;7c1591f2fbc1dda9f4aefa4b3d7f1439;92127264;1;10,0;false;0;7,8;0;APROVADO;2020-5
57663037;7c1591f2fbc1dda9f4aefa4b3d7f1439;92127264;2;5,5;false;0;7,8;0;APROVADO;2020-5
57663037;7c1591f2fbc1dda9f4aefa4b3d7f1439;92127264;3;8,0;false;0;7,8;0;APROVADO;2020-5
57663037;b5f12c52e7620f234014f9d970519e4c;92127264;1;8,4;false;0;7,6;0;APROVADO;2020-5
57663037;b5f12c52e7620f234014f9d970519e4c;92127264;2;7,0;false;0;7,6;0;APROVADO;2020-5
57663037;b5f12c52e7620f234014f9d970519e4c;92127264;3;7,5;false;0;7,6;0;APROVADO;2020-5
57663037;f2578fb4b72c065349df7323fe003bb2;92127264;3;0,0;false;0;0,3;0;EXCLUIDA;2020-5
57663037;f2578fb4b72c065349df7323fe003bb2;92127264;1;0,8;false;0;0,3;0;EXCLUIDA;2020-5
57663037;f2578fb4b72c065349df7323fe003bb2;92127264;2;0,0;false;0;0,3;0;EXCLUIDA;2020-5
57663037;e7400073bcdf38de498ba3d84a319209;92127264;1;9,0;false;0;8,2;0;APROVADO;2020-5
57663037;e7400073bcdf38de498ba3d84a319209;92127264;2;7,7;false;0;8,2;0;APROVADO;2020-5
57663037;e7400073bcdf38de498ba3d84a319209;92127264;3;8,0;false;0;8,2;0;APROVADO;2020-5
57663037;50eeabeb9e87d21573b20ab9cd12b7ff;92127264;;;;;;;INDEFERIDO;2020-5
57663037;b14401de07710617c8204b4f5c651728;92127264;1;5,8;false;0;5,3;0;APROVADO POR NOTA;2020-5
57663037;b14401de07710617c8204b4f5c651728;92127264;2;6,5;false;0;5,3;0;APROVADO POR NOTA;2020-5
57663037;b14401de07710617c8204b4f5c651728;92127264;3;3,5;false;0;5,3;0;APROVADO POR NOTA;2020-5
57663037;8e5bb6a75a0b9227bb461605720baf80;92127264;2;0,0;false;0;0,0;0;EXCLUIDA;2020-5
57663037;8e5bb6a75a0b9227bb461605720baf80;92127264;3;0,0;false;0;0,0;0;EXCLUIDA;2020-5
57663037;8e5bb6a75a0b9227bb461605720baf80;92127264;1;0,0;false;0;0,0;0;EXCLUIDA;2020-5
57663037;2b0b4a26b3cae6102b69bdf568c45ab6;92127264;1;10,0;false;0;7,8;0;APROVADO;2020-5
57663037;2b0b4a26b3cae6102b69bdf568c45ab6;92127264;2;6,0;false;0;7,8;0;APROVADO;2020-5
57663037;2b0b4a26b3cae6102b69bdf568c45ab6;92127264;3;7,5;false;0;7,8;0;APROVADO;2020-5
57663037;f624420224de42ee8ead203860c86c7b;92127264;3;7,5;false;0;5,6;0;APROVADO POR NOTA;2020-5
57663037;f624420224de42ee8ead203860c86c7b;92127264;2;4,8;false;0;5,6;0;APROVADO POR NOTA;2020-5
57663037;f624420224de42ee8ead203860c86c7b;92127264;1;4,4;false;0;5,6;0;APROVADO POR NOTA;2020-5
57663037;809c1c530dff8d1a2010e8a060e793c0;92127264;1;7,1;false;0;6,6;0;APROVADO POR NOTA;2020-5
57663037;809c1c530dff8d1a2010e8a060e793c0;92127264;2;7,7;false;0;6,6;0;APROVADO POR NOTA;2020-5
57663037;809c1c530dff8d1a2010e8a060e793c0;92127264;3;5,0;false;0;6,6;0;APROVADO POR NOTA;2020-5
57663037;e47d85fe7e66f37db859576b7d5c148d;92127264;2;4,0;false;0;6,7;0;APROVADO POR NOTA;2020-5
57663037;e47d85fe7e66f37db859576b7d5c148d;92127264;3;6,0;false;0;6,7;0;APROVADO POR NOTA;2020-5
57663037;e47d85fe7e66f37db859576b7d5c148d;92127264;1;10,0;false;0;6,7;0;APROVADO POR NOTA;2020-5
57663037;c28c0fca2a1776c3a9857f425795a920;92127264;3;5,0;false;0;5,6;0;APROVADO POR NOTA;2020-5
57663037;c28c0fca2a1776c3a9857f425795a920;92127264;1;8,0;false;0;5,6;0;APROVADO POR NOTA;2020-5
57663037;c28c0fca2a1776c3a9857f425795a920;92127264;2;3,8;false;0;5,6;0;APROVADO POR NOTA;2020-5
57663037;8def9f23887e22f379c6d0626bd4857a;92127264;1;7,9;false;0;6,5;0;APROVADO POR NOTA;2020-5
57663037;8def9f23887e22f379c6d0626bd4857a;92127264;2;5,5;false;0;6,5;0;APROVADO POR NOTA;2020-5
57663037;8def9f23887e22f379c6d0626bd4857a;92127264;3;6,0;false;0;6,5;0;APROVADO POR NOTA;2020-5
57663037;b48ac1b2d569579d2f92c918246b5e20;92127264;;;;;;;INDEFERIDO;2020-5
57663037;6f00c46326df8a37ded3092f34090c93;92127264;1;8,4;false;0;7,7;0;APROVADO;2020-5
57663037;6f00c46326df8a37ded3092f34090c93;92127264;2;5,8;false;0;7,7;0;APROVADO;2020-5
57663037;6f00c46326df8a37ded3092f34090c93;92127264;3;9,0;false;0;7,7;0;APROVADO;2020-5
57663037;09a99f287b1ff15bf20bb09663e4f025;92127264;1;8,5;false;0;8,0;0;APROVADO;2020-5
57663037;09a99f287b1ff15bf20bb09663e4f025;92127264;2;7,0;false;0;8,0;0;APROVADO;2020-5
57663037;09a99f287b1ff15bf20bb09663e4f025;92127264;3;8,5;false;0;8,0;0;APROVADO;2020-5
57663037;053ced1dbb30c8ce313826e736cd938f;92127264;1;8,6;false;0;6,9;0;APROVADO POR NOTA;2020-5
57663037;053ced1dbb30c8ce313826e736cd938f;92127264;2;4,0;false;0;6,9;0;APROVADO POR NOTA;2020-5
57663037;053ced1dbb30c8ce313826e736cd938f;92127264;3;8,0;false;0;6,9;0;APROVADO POR NOTA;2020-5
57663037;cc9db6db21d2ba3f424f0dda48048ad6;92127264;1;8,8;false;0;7,1;0;APROVADO;2020-5
57663037;cc9db6db21d2ba3f424f0dda48048ad6;92127264;2;6,0;false;0;7,1;0;APROVADO;2020-5
57663037;cc9db6db21d2ba3f424f0dda48048ad6;92127264;3;6,5;false;0;7,1;0;APROVADO;2020-5
57663037;d9383db075c3edbd30e39effb7782b1a;92127264;3;8,5;false;0;8,5;0;APROVADO;2020-5
57663037;d9383db075c3edbd30e39effb7782b1a;92127264;1;10,0;false;0;8,5;0;APROVADO;2020-5
57663037;d9383db075c3edbd30e39effb7782b1a;92127264;2;7,0;false;0;8,5;0;APROVADO;2020-5
57663037;cc5705642457879f4b2eb34722b7cf84;92127264;1;0,0;false;0;0,0;0;EXCLUIDA;2020-5
57663037;cc5705642457879f4b2eb34722b7cf84;92127264;2;0,0;false;0;0,0;0;EXCLUIDA;2020-5
57663037;cc5705642457879f4b2eb34722b7cf84;92127264;3;0,0;false;0;0,0;0;EXCLUIDA;2020-5
57663037;273ca200cedb56259e91c5e8aec58c20;92127264;2;0,0;false;0;0,0;0;EXCLUIDA;2020-5
57663037;273ca200cedb56259e91c5e8aec58c20;92127264;3;0,0;false;0;0,0;0;EXCLUIDA;2020-5
57663037;273ca200cedb56259e91c5e8aec58c20;92127264;1;0,0;false;0;0,0;0;EXCLUIDA;2020-5
57663037;905c2f664cb927c55ddc2dd1d32b96ff;92127264;1;8,4;false;0;8,2;0;APROVADO;2020-5
57663037;905c2f664cb927c55ddc2dd1d32b96ff;92127264;2;7,3;false;0;8,2;0;APROVADO;2020-5
57663037;905c2f664cb927c55ddc2dd1d32b96ff;92127264;3;9,0;false;0;8,2;0;APROVADO;2020-5
57663037;e33e66975d5d2428aae62d806c09cd72;92127264;1;7,6;false;0;7,6;0;APROVADO;2020-5
57663037;e33e66975d5d2428aae62d806c09cd72;92127264;2;5,1;false;0;7,6;0;APROVADO;2020-5
57663037;e33e66975d5d2428aae62d806c09cd72;92127264;3;10,0;false;0;7,6;0;APROVADO;2020-5
57663037;4028c67e75fbc168fb53b151e7185b59;92127264;1;0,0;false;0;0,0;0;EXCLUIDA;2020-5
57663037;4028c67e75fbc168fb53b151e7185b59;92127264;2;0,0;false;0;0,0;0;EXCLUIDA;2020-5
57663037;4028c67e75fbc168fb53b151e7185b59;92127264;3;0,0;false;0;0,0;0;EXCLUIDA;2020-5
57663037;48244590c3dfe8d745ff4695ce080bcd;92127264;3;9,5;false;0;9,4;0;APROVADO;2020-5
57663037;48244590c3dfe8d745ff4695ce080bcd;92127264;2;9,0;false;0;9,4;0;APROVADO;2020-5
57663037;48244590c3dfe8d745ff4695ce080bcd;92127264;1;9,8;false;0;9,4;0;APROVADO;2020-5
57663037;ff26ae4fbe4ecde43575bc89deddbb30;92127264;1;9,2;false;0;6,7;0;APROVADO POR NOTA;2020-5
57663037;ff26ae4fbe4ecde43575bc89deddbb30;92127264;2;6,0;false;0;6,7;0;APROVADO POR NOTA;2020-5
57663037;ff26ae4fbe4ecde43575bc89deddbb30;92127264;3;5,0;false;0;6,7;0;APROVADO POR NOTA;2020-5
57663037;6b319b343ea1b4ba481d219eecff9502;92127264;1;8,2;false;0;6,9;0;APROVADO POR NOTA;2020-5
57663037;6b319b343ea1b4ba481d219eecff9502;92127264;2;5,0;false;0;6,9;0;APROVADO POR NOTA;2020-5
57663037;6b319b343ea1b4ba481d219eecff9502;92127264;3;7,5;false;0;6,9;0;APROVADO POR NOTA;2020-5
57663037;3a482b140c2477bb47577892ad27e8b9;92127264;1;9,2;false;0;8,2;0;APROVADO;2020-5
57663037;3a482b140c2477bb47577892ad27e8b9;92127264;2;5,3;false;0;8,2;0;APROVADO;2020-5
57663037;3a482b140c2477bb47577892ad27e8b9;92127264;3;10,0;false;0;8,2;0;APROVADO;2020-5
57663037;209d1623110247393ad217aa8448b3fd;92127264;1;0,0;false;0;0,0;0;EXCLUIDA;2020-5
57663037;209d1623110247393ad217aa8448b3fd;92127264;2;0,0;false;0;0,0;0;EXCLUIDA;2020-5
57663037;209d1623110247393ad217aa8448b3fd;92127264;3;0,0;false;0;0,0;0;EXCLUIDA;2020-5
57663037;c5f73ce74e59865dd981384066c16bdd;92127264;1;0,0;false;0;0,0;0;EXCLUIDA;2020-5
57663037;c5f73ce74e59865dd981384066c16bdd;92127264;2;0,0;false;0;0,0;0;EXCLUIDA;2020-5
57663037;c5f73ce74e59865dd981384066c16bdd;92127264;3;0,0;false;0;0,0;0;EXCLUIDA;2020-5
57663037;a80ef3d24cc1f6d4affc491f3c309522;92127264;1;1,2;false;0;0,4;0;EXCLUIDA;2020-5
57663037;a80ef3d24cc1f6d4affc491f3c309522;92127264;2;0,0;false;0;0,4;0;EXCLUIDA;2020-5
57663037;a80ef3d24cc1f6d4affc491f3c309522;92127264;3;0,0;false;0;0,4;0;EXCLUIDA;2020-5
57663037;b8b955517ef0ee6108648415af4ac56a;92127264;3;0,0;false;0;0,4;0;EXCLUIDA;2020-5
57663037;b8b955517ef0ee6108648415af4ac56a;92127264;2;0,0;false;0;0,4;0;EXCLUIDA;2020-5
57663037;b8b955517ef0ee6108648415af4ac56a;92127264;1;1,2;false;0;0,4;0;EXCLUIDA;2020-5
57663037;29beec7df38334d58194691dc641118b;92127264;1;8,0;false;0;7,8;0;APROVADO;2020-5
57663037;29beec7df38334d58194691dc641118b;92127264;2;7,5;false;0;7,8;0;APROVADO;2020-5
57663037;29beec7df38334d58194691dc641118b;92127264;3;8,0;false;0;7,8;0;APROVADO;2020-5
57663037;9dda30b094a8679da82a3a89f3c0f034;92127264;1;8,0;false;0;6,2;0;APROVADO POR NOTA;2020-5
57663037;9dda30b094a8679da82a3a89f3c0f034;92127264;2;5,0;false;0;6,2;0;APROVADO POR NOTA;2020-5
57663037;9dda30b094a8679da82a3a89f3c0f034;92127264;3;5,5;false;0;6,2;0;APROVADO POR NOTA;2020-5
57663037;fca159287f72312d3a43aab486a2db78;92127264;3;10,0;false;0;9,5;0;APROVADO;2020-5
57663037;fca159287f72312d3a43aab486a2db78;92127264;1;9,6;false;0;9,5;0;APROVADO;2020-5
57663037;fca159287f72312d3a43aab486a2db78;92127264;2;9,0;false;0;9,5;0;APROVADO;2020-5
57663037;5dac7924b237020ce1e04db8cda4979e;92127264;1;9,6;false;0;8,9;0;APROVADO;2020-5
57663037;5dac7924b237020ce1e04db8cda4979e;92127264;2;7,7;false;0;8,9;0;APROVADO;2020-5
57663037;5dac7924b237020ce1e04db8cda4979e;92127264;3;9,5;false;0;8,9;0;APROVADO;2020-5
57663037;64f063d1306dc63efb78305f6aa8fe29;92127264;1;4,0;false;0;2,2;0;EXCLUIDA;2020-5
57663037;64f063d1306dc63efb78305f6aa8fe29;92127264;2;2,7;false;0;2,2;0;EXCLUIDA;2020-5
57663037;64f063d1306dc63efb78305f6aa8fe29;92127264;3;0,0;false;0;2,2;0;EXCLUIDA;2020-5
57663037;c9e1a04c421de56264e2fd69d6da0aaa;92127264;1;8,7;false;0;7,2;0;APROVADO;2020-5
57663037;c9e1a04c421de56264e2fd69d6da0aaa;92127264;2;8,0;false;0;7,2;0;APROVADO;2020-5
57663037;c9e1a04c421de56264e2fd69d6da0aaa;92127264;3;5,0;false;0;7,2;0;APROVADO;2020-5
57663037;762cf8b272c3bf6ca65065f9c95f216e;92127264;1;7,1;false;0;6,1;0;APROVADO POR NOTA;2020-5
57663037;762cf8b272c3bf6ca65065f9c95f216e;92127264;2;6,2;false;0;6,1;0;APROVADO POR NOTA;2020-5
57663037;762cf8b272c3bf6ca65065f9c95f216e;92127264;3;5,0;false;0;6,1;0;APROVADO POR NOTA;2020-5
57663037;65a39ec605db19a0410e6f597b7ff527;92127264;1;0,0;false;0;0,0;0;EXCLUIDA;2020-5
57663037;65a39ec605db19a0410e6f597b7ff527;92127264;2;0,0;false;0;0,0;0;EXCLUIDA;2020-5
57663037;65a39ec605db19a0410e6f597b7ff527;92127264;3;0,0;false;0;0,0;0;EXCLUIDA;2020-5
57663037;85a7465d77f7fda11b2cf4afd297df9c;92127264;1;3,8;false;0;5,0;0;APROVADO POR NOTA;2020-5
57663037;85a7465d77f7fda11b2cf4afd297df9c;92127264;2;6,8;false;0;5,0;0;APROVADO POR NOTA;2020-5
57663037;85a7465d77f7fda11b2cf4afd297df9c;92127264;3;0,0;true;0;5,0;0;APROVADO POR NOTA;2020-5
57663037;38b1a935b6ba698ca7bde6ddeab253c0;92127264;3;0,0;false;0;1,6;0;EXCLUIDA;2020-5
57663037;38b1a935b6ba698ca7bde6ddeab253c0;92127264;2;0,0;false;0;1,6;0;EXCLUIDA;2020-5
57663037;38b1a935b6ba698ca7bde6ddeab253c0;92127264;1;4,8;false;0;1,6;0;EXCLUIDA;2020-5
57663037;a93604d41a85024b0d3abfe4d81f112e;92127264;1;9,6;false;0;9,1;0;APROVADO;2020-5
57663037;a93604d41a85024b0d3abfe4d81f112e;92127264;2;7,8;false;0;9,1;0;APROVADO;2020-5
57663037;a93604d41a85024b0d3abfe4d81f112e;92127264;3;10,0;false;0;9,1;0;APROVADO;2020-5
57663037;dcb7e8a88e947567e4f3fd594423c312;92127264;1;0,0;false;0;0,0;0;EXCLUIDA;2020-5
57663037;dcb7e8a88e947567e4f3fd594423c312;92127264;2;0,0;false;0;0,0;0;EXCLUIDA;2020-5
57663037;dcb7e8a88e947567e4f3fd594423c312;92127264;3;0,0;false;0;0,0;0;EXCLUIDA;2020-5
57663037;c2631723d2d43a8fff1ec0cd1774c597;92127264;1;6,9;false;0;6,8;0;APROVADO POR NOTA;2020-5
57663037;c2631723d2d43a8fff1ec0cd1774c597;92127264;2;6,5;false;0;6,8;0;APROVADO POR NOTA;2020-5
57663037;c2631723d2d43a8fff1ec0cd1774c597;92127264;3;7,0;false;0;6,8;0;APROVADO POR NOTA;2020-5
57663037;d82134d3ceaa54d7ecf31d33b0e72dab;92127264;1;8,4;false;0;2,8;0;EXCLUIDA;2020-5
57663037;d82134d3ceaa54d7ecf31d33b0e72dab;92127264;2;0,0;false;0;2,8;0;EXCLUIDA;2020-5
57663037;d82134d3ceaa54d7ecf31d33b0e72dab;92127264;3;0,0;false;0;2,8;0;EXCLUIDA;2020-5
57663037;f57dcb97f083fbccbb6c483c654577bb;92127264;1;8,8;false;0;7,0;0;APROVADO;2020-5
57663037;f57dcb97f083fbccbb6c483c654577bb;92127264;2;7,2;false;0;7,0;0;APROVADO;2020-5
57663037;f57dcb97f083fbccbb6c483c654577bb;92127264;3;5,0;false;0;7,0;0;APROVADO;2020-5
57663037;965dcfc2da7259d908f4dc6cd633be51;92127264;1;0,0;false;0;0,0;0;EXCLUIDA;2020-5
57663037;965dcfc2da7259d908f4dc6cd633be51;92127264;2;0,0;false;0;0,0;0;EXCLUIDA;2020-5
57663037;965dcfc2da7259d908f4dc6cd633be51;92127264;3;0,0;false;0;0,0;0;EXCLUIDA;2020-5
57663037;31d81225e5a0295318aa8264464e09b1;92127264;1;9,4;false;0;9,1;0;APROVADO;2020-5
57663037;31d81225e5a0295318aa8264464e09b1;92127264;2;8,0;false;0;9,1;0;APROVADO;2020-5
57663037;31d81225e5a0295318aa8264464e09b1;92127264;3;10,0;false;0;9,1;0;APROVADO;2020-5
57663037;8b82771529bee06587d1941f7a41c0c1;92127264;1;5,1;false;0;2,4;0;EXCLUIDA;2020-5
57663037;8b82771529bee06587d1941f7a41c0c1;92127264;2;2,0;false;0;2,4;0;EXCLUIDA;2020-5
57663037;8b82771529bee06587d1941f7a41c0c1;92127264;3;0,0;false;0;2,4;0;EXCLUIDA;2020-5
57663037;13dc9ceeb0faba5214ac39fc6ac573d2;92127264;1;4,3;false;0;3,3;0;EXCLUIDA;2020-5
57663037;13dc9ceeb0faba5214ac39fc6ac573d2;92127264;2;5,5;false;0;3,3;0;EXCLUIDA;2020-5
57663037;13dc9ceeb0faba5214ac39fc6ac573d2;92127264;3;0,0;false;0;3,3;0;EXCLUIDA;2020-5
57663037;756a2ecc10d0ad419b709361cbcbbf95;92127264;3;0,0;false;0;3,7;0;EXCLUIDA;2020-5
57663037;756a2ecc10d0ad419b709361cbcbbf95;92127264;1;4,9;false;0;3,7;0;EXCLUIDA;2020-5
57663037;756a2ecc10d0ad419b709361cbcbbf95;92127264;2;6,3;false;0;3,7;0;EXCLUIDA;2020-5
57663037;d64a7945156a33a9c7f42a7b9920bea3;92127264;1;8,7;false;0;8,1;0;APROVADO;2020-5
57663037;d64a7945156a33a9c7f42a7b9920bea3;92127264;2;7,0;false;0;8,1;0;APROVADO;2020-5
57663037;d64a7945156a33a9c7f42a7b9920bea3;92127264;3;8,5;false;0;8,1;0;APROVADO;2020-5
57663037;6515bc11da740d64680ef5f36d016237;92127264;1;10,0;false;0;8,5;0;APROVADO;2020-5
57663037;6515bc11da740d64680ef5f36d016237;92127264;2;7,0;false;0;8,5;0;APROVADO;2020-5
57663037;6515bc11da740d64680ef5f36d016237;92127264;3;8,5;false;0;8,5;0;APROVADO;2020-5
57663037;73c2ec9df7df3db41fc430a063b7dae5;92127264;1;0,0;false;0;0,0;0;EXCLUIDA;2020-5
57663037;73c2ec9df7df3db41fc430a063b7dae5;92127264;2;0,0;false;0;0,0;0;EXCLUIDA;2020-5
57663037;73c2ec9df7df3db41fc430a063b7dae5;92127264;3;0,0;false;0;0,0;0;EXCLUIDA;2020-5
57663037;366ec4ac3da8c48ac35cdee7f4aba3d9;92127264;1;7,7;false;0;7,3;0;APROVADO;2020-5
57663037;366ec4ac3da8c48ac35cdee7f4aba3d9;92127264;2;7,3;false;0;7,3;0;APROVADO;2020-5
57663037;366ec4ac3da8c48ac35cdee7f4aba3d9;92127264;3;7,0;false;0;7,3;0;APROVADO;2020-5
57663037;0f134c1bdc3b9ee30b68374104122475;92127264;1;2,8;false;0;0,9;0;EXCLUIDA;2020-5
57663037;0f134c1bdc3b9ee30b68374104122475;92127264;2;0,0;false;0;0,9;0;EXCLUIDA;2020-5
57663037;0f134c1bdc3b9ee30b68374104122475;92127264;3;0,0;false;0;0,9;0;EXCLUIDA;2020-5
57663037;d02e4374799f67ae8d2ca35de41a95c0;92127264;;;;;;;INDEFERIDO;2020-5
57663037;779aeaae7de34d6680f55b7cfbc70ff8;92127264;;;;;;;INDEFERIDO;2020-5
57663037;d6c3ed02707e785654dbbafd439502d4;92127264;1;9,2;false;0;7,3;0;APROVADO;2020-5
57663037;d6c3ed02707e785654dbbafd439502d4;92127264;2;4,7;false;0;7,3;0;APROVADO;2020-5
57663037;d6c3ed02707e785654dbbafd439502d4;92127264;3;8,0;false;0;7,3;0;APROVADO;2020-5
57663037;ec914f1d948ad901bd7172c69e260f43;92127264;;;;;;;INDEFERIDO;2020-5
57663037;164c99529de4650649be0ef117b137e6;92127264;1;0,0;false;0;0,0;0;EXCLUIDA;2020-5
57663037;164c99529de4650649be0ef117b137e6;92127264;2;0,0;false;0;0,0;0;EXCLUIDA;2020-5
57663037;164c99529de4650649be0ef117b137e6;92127264;3;0,0;false;0;0,0;0;EXCLUIDA;2020-5
57663037;9714cc5cda3b9d70dbcf923789fdf57e;92127264;1;10,0;false;0;7,7;0;APROVADO;2020-5
57663037;9714cc5cda3b9d70dbcf923789fdf57e;92127264;2;6,0;false;0;7,7;0;APROVADO;2020-5
57663037;9714cc5cda3b9d70dbcf923789fdf57e;92127264;3;7,0;false;0;7,7;0;APROVADO;2020-5
57663037;8e5bb6a75a0b9227bb461605720baf80;92127264;;;;;;;INDEFERIDO;2020-5
57663037;9a02aefefd67f03eee626bfe16dfeb4c;92127264;1;7,8;false;0;7,7;0;APROVADO;2020-5
57663037;9a02aefefd67f03eee626bfe16dfeb4c;92127264;2;5,3;false;0;7,7;0;APROVADO;2020-5
57663037;9a02aefefd67f03eee626bfe16dfeb4c;92127264;3;10,0;false;0;7,7;0;APROVADO;2020-5
57663037;440975356dbd56c746a3bd6b3a646d4e;92127264;2;5,0;false;0;7,5;0;APROVADO;2020-5
57663037;440975356dbd56c746a3bd6b3a646d4e;92127264;3;9,0;false;0;7,5;0;APROVADO;2020-5
57663037;440975356dbd56c746a3bd6b3a646d4e;92127264;1;8,6;false;0;7,5;0;APROVADO;2020-5
57663037;e20477c3fa41ceb65b9d2bb84e0e316b;92127264;;;;;;;INDEFERIDO;2020-5
57663037;f58a7040ca835fb29a16355243e9ff8a;92127264;;;;;;;INDEFERIDO;2020-5
57663037;80f9d9e023fb9a2d30a678e02184bd23;92127264;1;3,2;false;0;1,9;0;EXCLUIDA;2020-5
57663037;80f9d9e023fb9a2d30a678e02184bd23;92127264;2;2,5;false;0;1,9;0;EXCLUIDA;2020-5
57663037;80f9d9e023fb9a2d30a678e02184bd23;92127264;3;0,0;false;0;1,9;0;EXCLUIDA;2020-5
57663117;fb8abdb2a5505f9c87682a8b6f2b7c4a;92127264;;;;;;;INDEFERIDO;2020-5
57663117;4db0781830627a0e8c484ac07d115525;92127264;;;;;;;INDEFERIDO;2020-5
57663117;683a2f460c7e5652e6c046f6103212bd;92127264;;;;;;;INDEFERIDO;2020-5
57663117;a24b22cac4ba5f5e429eff4bed786d2e;92127264;1;8,0;false;0;8,0;0;APROVADO;2020-5
57663117;a24b22cac4ba5f5e429eff4bed786d2e;92127264;2;8,0;false;0;8,0;0;APROVADO;2020-5
57663117;46b355a00e67f6160e1392f62b2663e9;92127264;;;;;;;INDEFERIDO;2020-5
57663117;ebbe067c398f7926a1196f489721d860;92127264;;;;;;;INDEFERIDO;2020-5
57663117;719f04e96556c6b13e236d37bbcaab40;92127264;;;;;;;INDEFERIDO;2020-5
57663117;a1c267271cc1e4bf37e880edd79c1ced;92127264;;;;;;;INDEFERIDO;2020-5
57663117;34285b9bc6ad8fcb2ed4be573b3cbbd3;92127264;1;9,5;false;0;9,5;0;APROVADO;2020-5
57663117;34285b9bc6ad8fcb2ed4be573b3cbbd3;92127264;2;9,5;false;0;9,5;0;APROVADO;2020-5
57663117;04ff1ebf070a02f1fd0839cd49e11e84;92127264;;;;;;;INDEFERIDO;2020-5
57663117;093e96bc3c8d06ea2cbb112c7a8286b1;92127264;;;;;;;INDEFERIDO;2020-5
57663117;a2191d514a16af0342145b5085916327;92127264;;;;;;;INDEFERIDO;2020-5
57663117;0d77d4ec93d476d24759d6940402a2f9;92127264;;;;;;;INDEFERIDO;2020-5
57663117;7af2fe790317fe56250488aaa641cabf;92127264;;;;;;;INDEFERIDO;2020-5
57663117;5515ed8b0fc13582b4eb500458703e6b;92127264;;;;;;;INDEFERIDO;2020-5
57663117;63df50e61ebad8e3d17a61e4a200b905;92127264;;;;;;;INDEFERIDO;2020-5
57663117;416db2ebb6fb702b4d683b4419ac66de;92127264;;;;;;;INDEFERIDO;2020-5
57663117;fd0a060fbf2dc8f1e379f47fa70e7b60;92127264;;;;;;;INDEFERIDO;2020-5
57663117;3cf1bd5ba448db0c941bed5f0322a72a;92127264;1;10,0;false;0;10,0;0;APROVADO;2020-5
57663117;3cf1bd5ba448db0c941bed5f0322a72a;92127264;2;10,0;false;0;10,0;0;APROVADO;2020-5
57663117;1c281dbd253735d0158a848e0ba85f87;92127264;1;4,0;false;0;6,5;0;APROVADO POR NOTA;2020-5
57663117;1c281dbd253735d0158a848e0ba85f87;92127264;2;4,0;true;0;6,5;0;APROVADO POR NOTA;2020-5
57663117;0e3f4a13180bc8e086ed5914cac79b58;92127264;2;8,0;false;0;8,0;0;APROVADO;2020-5
57663117;0e3f4a13180bc8e086ed5914cac79b58;92127264;1;8,0;false;0;8,0;0;APROVADO;2020-5
57663117;789833d397b5f48503b54bfd6df0dfdd;92127264;1;8,0;false;0;8,0;0;APROVADO;2020-5
57663117;789833d397b5f48503b54bfd6df0dfdd;92127264;2;8,0;false;0;8,0;0;APROVADO;2020-5
57663117;bfad290f09c76d1e2fe5fd91a191c477;92127264;1;9,0;false;0;9,0;0;APROVADO;2020-5
57663117;bfad290f09c76d1e2fe5fd91a191c477;92127264;2;9,0;false;0;9,0;0;APROVADO;2020-5
57663117;97560a25b9d0b67cfbe7d185d3e4770a;92127264;1;0,0;false;0;0,0;0;EXCLUIDA;2020-5
57663117;97560a25b9d0b67cfbe7d185d3e4770a;92127264;2;0,0;false;0;0,0;0;EXCLUIDA;2020-5
57663117;7f8e8010f0a6b369f6a9a979b50801e1;92127264;1;9,0;false;0;9,0;0;APROVADO;2020-5
57663117;7f8e8010f0a6b369f6a9a979b50801e1;92127264;2;9,0;false;0;9,0;0;APROVADO;2020-5
57663117;c76dca78945973dab842b3a746e3fcb6;92127264;;;;;;;INDEFERIDO;2020-5